Ticker,Mean (%),Std Dev (%),Min (%),Max (%),Skewness,Kurtosis,JB Stat,JB p-value,SW Stat,SW p-value,ADF Stat,ADF p-value,Stationary
CONOIL,0.2177174120595296,6.655219698044693,-20.936484895804544,38.95399575584052,1.4094262573194807,7.219133618358544,2087.148234540282,0.0,0.7758755733845847,3.0052301484438697e-32,-25.686216785386353,0.0,Yes
CUSTODIAN,0.3241498586985264,5.5652482135509,-24.033595185458275,24.583496251628056,0.30129955721628476,2.2016152535709983,181.05568075713143,4.833463740541375e-40,0.9506316050401804,4.3091522138541456e-16,-31.89222593850164,0.0,Yes
DANGCEM,0.19206612075545287,4.550656095102831,-23.16168485188321,43.141129005274955,1.656085663820521,14.4653500862775,7652.534912772003,0.0,0.7944750096975814,3.662001404750278e-31,-11.741356706414182,1.2714188532562148e-21,Yes
DANGSUGAR,0.16662136105666278,6.542707455979457,-34.2490308946776,31.694581427085765,0.5478947481950389,3.5011568436618123,467.69517178507704,2.7623826680951987e-102,0.9410241578061714,1.1053973063315995e-17,-5.420189607753829,3.0716983318956507e-06,Yes
ETI,0.12632848934837937,6.037804186961403,-26.175838744198938,36.9847472495271,0.3941073707803153,4.20869896266412,637.1214229407377,4.4754927428690005e-139,0.9366123664318933,2.3700244744235483e-18,-16.116008287976626,4.955079822849624e-29,Yes
FCMB,0.07273029744896627,6.447244149324362,-23.995066963059102,31.77376551838906,0.6883572355126816,3.6491132700645883,528.5951211391017,1.6482681403324429e-115,0.9392646617332208,5.9240726419372585e-18,-14.019389786631466,3.5941088866729103e-26,Yes
FIDELITYBK,0.2451172217292772,6.341269569525905,-28.730886849148717,32.208349916911324,0.5196325148774658,3.1060441767242173,372.78348248672944,1.1248517949466333e-81,0.9475525532876662,1.2655884841618265e-16,-32.12922167385268,0.0,Yes
FIDSON,0.40128407630432694,7.138945405753868,-35.192097756869224,38.892417141795,0.510765084292765,3.7733380249642634,531.0357298250127,4.864704018341665e-116,0.9347520091375313,1.2670952554250197e-18,-30.13802971233033,0.0,Yes
FBNH,0.15714009435994353,6.463757769070817,-29.019148405720678,35.71517777711797,0.6411361822122387,4.0140112938120245,617.0386906487486,1.0274265049777456e-134,0.931160500525801,3.920491638763944e-19,-9.01356583852831,6.034411015245744e-15,Yes
GTCO,0.2635211553866176,5.016683911034459,-29.17873217328575,26.903641108031806,-0.19149004140806355,5.009015309348134,876.9825569308448,3.6783868365512377e-191,0.9372649251518596,2.9614931936279136e-18,-30.73978257442224,0.0,Yes
GUINNESS,0.1201194627192147,5.934395625961243,-25.573178999935692,28.56509637306428,0.4923994925139653,4.13938627173388,629.1260842267005,2.4378478632462195e-137,0.8896890968020865,6.148961047707622e-24,-17.002687156722068,8.705560097696263e-30,Yes
JBERGER,0.21727925763109524,5.849188022194671,-20.06892141521395,28.56914561254651,0.7653217937401303,4.313389261553928,727.9498357970156,8.466455021179854e-159,0.8628273803292162,2.360363635798716e-26,-7.418152762870488,6.847937581385268e-11,Yes
WAPCO,0.18110517424859005,5.649961691485646,-35.854206755568455,34.60036828867653,0.12642642783897023,5.154002155428268,925.3116292712342,1.1779658042833172e-201,0.9369868717743514,2.6927370195019157e-18,-18.979392440340686,0.0,Yes
MANSARD,0.22487511847778197,8.772465013335081,-127.16103559758768,103.21978457691029,-1.5507644241479002,75.04497396785783,196037.52406640613,0.0,0.70760003698325,1.0537750662664471e-35,-30.938181115555107,0.0,Yes
NAHCO,0.3701120247641165,6.33610510233999,-27.786033415328117,34.922831440200206,0.4197826599539459,3.1296567992080426,364.8618508509357,5.905487562947616e-80,0.9489152914918708,2.1626866213649426e-16,-31.300983395767965,0.0,Yes
NASCON,0.35600875147226774,6.382427431814998,-31.44421803154594,24.579385830776413,0.21150822477957468,2.9846347264414375,315.772810999003,2.6965304201768366e-69,0.9296044006514014,2.3911383008442033e-19,-21.594463373924203,0.0,Yes
NESTLE,0.27107024495711624,4.369405119104716,-23.151180098472636,19.058519106339293,0.017771646370623877,4.9014439407561685,834.88320704369,5.09817892824421e-182,0.8504577529357925,2.408545254378404e-27,-28.243131828875185,0.0,Yes
NB,0.059341746817756946,5.709018594284105,-37.64775712349121,37.675302528672646,0.23041064808681258,5.775577032120735,1166.5452096536274,4.8744573901673745e-254,0.929399475260522,2.24173838204098e-19,-12.179204028376107,1.3638344512797198e-22,Yes
OKOMUOIL,0.5537215840047344,5.394638655642867,-20.45841917030288,27.029032973991168,0.4568521991853397,3.219820413871685,389.2729480752397,2.9542915232713215e-85,0.8786576741177018,5.590600723174516e-25,-27.000774177693,0.0,Yes
PRESCO,0.6724035410145164,5.481863693928819,-25.360275879891823,23.381808256112958,0.44070035270311353,2.944794155012765,328.34162370635596,5.029471164958565e-72,0.8940662403923831,1.6750083838309257e-23,-27.49193335496708,0.0,Yes
STANBIC,0.24371198510563366,5.394647142672537,-20.912270307227146,26.220722048363555,0.23387536914331783,3.2360717465650177,371.510550797421,2.1257339560122378e-81,0.9411338153699756,1.149722096587955e-17,-30.5346078093233,0.0,Yes
STERLINGNG,0.19908369338865162,6.9453259381638865,-34.937564145712074,30.351353766846163,0.5516542934394626,3.7406756258182154,528.5455531476265,1.6896292404236551e-115,0.9350471746095785,1.3982271391809365e-18,-15.617718686920298,1.747539967782458e-28,Yes
TRANSCORP,0.5382322132267465,10.20489683397159,-50.0094088976066,139.61466575629024,3.4063860836773996,43.066922396076876,66065.78500727123,0.0,0.7940742421213541,3.4635133115244795e-31,-29.660965767403365,0.0,Yes
UACN,0.15636166221617687,6.711554037692924,-31.58529494184773,47.43164267602838,0.3785133352561467,4.735968923454186,799.3365630767278,2.66852168380722e-174,0.9409157614787979,1.0633168368969292e-17,-31.625326003186174,0.0,Yes
UBA,0.21646758222842688,6.184938998326805,-21.667103680859224,29.446175943715957,0.34664400255946787,2.822807361606908,293.5989156427421,1.7611872055420937e-64,0.9553967745593556,3.20511111185088e-15,-5.725382516234071,6.79029170567704e-07,Yes
UNILEVER,0.14745390394336536,5.838299637177673,-30.913399916973212,29.161135059167055,-0.042015536918023136,3.3038597672726393,379.5586327652568,3.800932137058827e-83,0.941844900515696,1.4854954503664565e-17,-28.96766099853705,0.0,Yes
WEMABANK,0.350314664436483,8.597695027064187,-32.995755560001925,106.28942060660304,2.86235871692538,29.8225927514247,32045.040126988046,0.0,0.8245648291260252,3.1425609015228337e-29,-30.030379282700352,0.0,Yes
ZENITHBANK,0.20478794344337514,5.277787865306863,-45.69551228864178,28.171190546527725,-0.79836719593121,9.91508190756192,3504.8297458256748,0.0,0.9166924821078137,5.237468210920591e-21,-21.972326711347236,0.0,Yes
