Feature,Random Forest Importance,XGBoost Importance,Combined Average
Lag_1,0.16712889396266956,0.08726925,0.12719907027044305
ATR,0.10945508156966173,0.09536479,0.1024099341270874
PPO,0.08848321725595988,0.08260452,0.08554386863941449
Lag_2,0.09454621474551425,0.07405118,0.08429869686865442
ADX,0.07997106485943062,0.086306065,0.08313856509019962
RSI,0.08516153718881321,0.08088486,0.08302319807734346
Lag_4,0.07359150666251968,0.07294108,0.0732662931991378
SMA,0.05758279620915415,0.070367225,0.06397501036181928
OBV,0.052428523280276695,0.07356861,0.06299856780869456
STOCH,0.04665981118913628,0.07817894,0.06241937669632901
SAR,0.045240057014962025,0.07818269,0.061711373430262007
Lag_3,0.05491167325200124,0.061419282,0.058165477680273275
MACD,0.04483962280990079,0.05886156,0.051850591964728604
