Ticker,Base RMSE,Base MAE,Base DA (%),RF RMSE,RF MAE,RF R2,RF DA (%),XGB RMSE,XGB MAE,XGB R2,XGB DA (%),DM_Stat,DM_p_val
CONOIL,0.06503133550791058,0.03143385531717373,13.846153846153847,0.06796804017025172,0.0380652797605644,-0.11347828228221446,13.461538461538462,0.0673677331089618,0.03621060940439735,-0.09389622500008854,11.538461538461538,-1.899629260118712,0.057481789569329145
CUSTODIAN,0.05483682854358173,0.034919703313627655,39.23076923076923,0.057106778023141604,0.03799848877883036,-0.09691649153018922,36.92307692307693,0.05519015070655995,0.036027055344881154,-0.024522286664596438,37.69230769230769,-0.7291887242666991,0.4658862276213669
DANGCEM,0.049735186735537194,0.022271728595930886,23.643410852713178,0.05150645394653639,0.025564953085963637,-0.07767989793264074,21.31782945736434,0.050193475597381666,0.024073540383966467,-0.023436773587915294,21.705426356589147,-1.4049503847962521,0.16003603247985376
DANGSUGAR,0.062332478983592295,0.041954858954028985,39.23076923076923,0.06302675154501661,0.043232328417461885,-0.027642604022203532,43.84615384615385,0.062298422094436506,0.04258981080075979,-0.004029208598558265,45.0,0.08889235841600529,0.9291674566116355
ETI,0.06549461264662863,0.04157070763196404,40.0,0.0663042579616547,0.043436466768473785,-0.038304174705764416,31.92307692307692,0.06551435056352764,0.04189019039631372,-0.013712128487372466,38.07692307692307,-0.01821981677713868,0.9854634937579241
FCMB,0.05603595897811392,0.03779609671397364,40.38461538461539,0.06470476622732851,0.0437566955275024,-0.3457774166408205,43.84615384615385,0.056682275911815266,0.03870693373845014,-0.03275011196789612,44.61538461538462,-1.436112804245702,0.15097024519272684
FIDELITYBK,0.05959933848987323,0.03939749835976,47.30769230769231,0.06823473212265861,0.04571086850785297,-0.32714626022916904,46.53846153846154,0.06129006256729732,0.041266869623690326,-0.07074963529712885,44.230769230769226,-1.7886808097583662,0.07366623523372495
FIDSON,0.05900517716805294,0.037947215400027066,39.23076923076923,0.06767681337639558,0.04364545203538519,-0.3400832672781149,38.07692307692307,0.06167810882703983,0.041060080763967284,-0.1130484766280806,37.69230769230769,-2.91608524270481,0.003544536444897828
FBNH,0.07004471687637986,0.04526236843234501,39.23076923076923,0.07132418776667486,0.04711128739801221,-0.048272631485057005,45.38461538461539,0.07078929162126332,0.046148261009794043,-0.03260853611121717,46.15384615384615,-1.0375101747352726,0.2994981563256911
GTCO,0.047392879837904474,0.03319738536396058,48.46153846153846,0.048497351314513326,0.03365729961885245,-0.050215360933737685,52.307692307692314,0.04866883925462852,0.0340780666715877,-0.05765567187715415,43.46153846153846,-1.634738303206399,0.1021039192623947
GUINNESS,0.06734296490199396,0.037665723095695464,22.30769230769231,0.06646481599339718,0.04107793866352287,-0.012899711225030419,32.30769230769231,0.0676820685685861,0.04064939712842878,-0.05034042562526375,23.846153846153847,-0.49443340725424084,0.6210001255353783
JBERGER,0.0636174902511598,0.03426366654167843,25.384615384615383,0.0670090718929742,0.038064852062806326,-0.13051682516192953,23.076923076923077,0.06534629209025879,0.036959199892401845,-0.07510708520938714,25.0,-2.4417113560287587,0.014617828903225494
WAPCO,0.051994291242336184,0.035330329314837976,43.84615384615385,0.05261473575489224,0.03641881306802091,-0.041938537122711006,49.23076923076923,0.05183144738435621,0.03581501301498428,-0.011146277033439844,48.84615384615385,0.3818509040006275,0.7025719585982144
MANSARD,0.09079650714462986,0.046088083328987145,50.0,0.09217840190200004,0.049222613703760305,-0.041581811547311,44.230769230769226,0.09181230804409166,0.048473931305912286,-0.033324790790847825,45.38461538461539,-1.3066389750579674,0.19133535318636952
NAHCO,0.06510318331028042,0.04275126189292605,45.76923076923077,0.06336005265398773,0.04394908978035501,-0.0005569775989295866,50.38461538461539,0.06651572686996061,0.046008318348958674,-0.10270526613921893,42.69230769230769,-1.5432159102742655,0.12277839824154335
NASCON,0.06398962953447375,0.039523515511234904,36.92307692307693,0.06396091166763816,0.04117543255398153,-0.008786670327900259,37.30769230769231,0.06335327813306608,0.040652672628307206,0.010289385687020869,36.53846153846153,0.8146879416365,0.41525095739338935
NESTLE,0.04006443146938248,0.017866839309146208,17.307692307692307,0.04323157382190392,0.022074012762395383,-0.16786096664935002,20.0,0.04129918809569886,0.01977408400645115,-0.06579107459105105,18.846153846153847,-2.254045498203198,0.024193305827775458
NB,0.05906342488477765,0.0412106769096578,43.84615384615385,0.06198077453842656,0.04411883387318081,-0.10442239754826255,44.61538461538462,0.060929573504053626,0.043093171415050036,-0.067277818976482,45.76923076923077,-1.8881595590326268,0.059004533126576275
OKOMUOIL,0.045856124325085644,0.02522207511945464,24.23076923076923,0.0467005192486215,0.026146585489246664,-0.04518194223076932,25.769230769230766,0.04647706467169465,0.02579020871573191,-0.03520381175334841,23.846153846153847,-1.0850399970480864,0.2779039408282449
PRESCO,0.04913577386798918,0.027035205716823763,25.769230769230766,0.05192642103722755,0.03221840045717346,-0.134777594229452,23.076923076923077,0.049510591853806116,0.02803502194313509,-0.03164483281261288,21.53846153846154,-0.8656860709832266,0.38666234058711835
STANBIC,0.04971240715290594,0.03165364284309033,36.53846153846153,0.04942521786337406,0.032023297289262675,0.00875315217882322,40.0,0.049418911112815246,0.031998502578483246,0.009006105955341237,41.53846153846154,0.7163427957091616,0.47377970767371846
STERLINGNG,0.06967589352661478,0.04366472098572007,46.15384615384615,0.07595853923257875,0.046904136660451345,-0.19509719144716198,45.0,0.07006559507531675,0.04501743407867205,-0.01685644867140801,42.30769230769231,-0.39393303377712763,0.6936304808359359
TRANSCORP,0.08120739819926223,0.05189450889086268,50.76923076923077,0.08039598717210274,0.05328286590858094,0.015313416973486205,44.61538461538462,0.07939807294819504,0.051557312772671414,0.03960652719112945,50.38461538461539,0.873277089225078,0.3825120651992622
UACN,0.07892227358045836,0.050737991158654294,38.07692307692307,0.09131091681973462,0.06094382168595833,-0.3659825157471681,39.61538461538461,0.07946807330708112,0.0518942881663473,-0.034630081438649096,41.15384615384615,-1.4865982245140021,0.13712095703084914
UBA,0.049029509603617946,0.034457410180792555,50.38461538461539,0.05024796959491705,0.035626674775653025,-0.06282135082980744,44.230769230769226,0.04933744507793309,0.034933218117753406,-0.024652365464302495,50.76923076923077,-0.9105267087001484,0.3625448027831055
UNILEVER,0.05526650649709543,0.03744432112060547,39.61538461538461,0.05609528385685875,0.03931487178394767,-0.045230514423014956,38.46153846153847,0.055106157176277315,0.037411502769983604,-0.008694454420675735,39.23076923076923,1.72215617939468,0.08504123049995749
WEMABANK,0.0692828591844779,0.0467701649359382,43.84615384615385,0.06810924334034534,0.04681327535016611,0.025380806220485996,49.23076923076923,0.06964190569756688,0.047594753070005116,-0.01897643935395399,43.46153846153846,-0.5252030956745312,0.5994420131500187
ZENITHBANK,0.04490014895026667,0.03110271079580422,51.153846153846146,0.047323746923558195,0.033839413890711774,-0.1144166123056527,42.69230769230769,0.04577628744905858,0.03200279167056575,-0.04272663272575361,47.30769230769231,-1.959402929970726,0.050065617815092445
