Ticker,DM_Stat,DM_p_val,RF DM Stat,RF DM p-val
CONOIL,-1.899629260118712,0.057481789569329145,-2.8476570606350755,0.004404235593491013
CUSTODIAN,-0.7291887242666991,0.4658862276213669,-2.4568404384724274,0.014016492647840773
DANGCEM,-1.4049503847962521,0.16003603247985376,-1.1366341118606906,0.2556912737100463
DANGSUGAR,0.08889235841600529,0.9291674566116355,-0.9312310664971639,0.3517340510525493
ETI,-0.01821981677713868,0.9854634937579241,-0.6824879333186864,0.4949304702544117
FCMB,-1.436112804245702,0.15097024519272684,-2.8693635771523875,0.004112987168492177
FIDELITYBK,-1.7886808097583662,0.07366623523372495,-3.1898495877227737,0.0014234685915119893
FIDSON,-2.91608524270481,0.003544536444897828,-2.6248328274180515,0.008669151928169416
FBNH,-1.0375101747352726,0.2994981563256911,-1.043033836599407,0.2969326217962516
GTCO,-1.634738303206399,0.1021039192623947,-1.1436314916494683,0.25277649582555783
GUINNESS,-0.49443340725424084,0.6210001255353783,0.7549376999858479,0.45028636392127996
JBERGER,-2.4417113560287587,0.014617828903225494,-1.8961626437606127,0.05793854117575137
WAPCO,0.3818509040006275,0.7025719585982144,-0.6102208855599822,0.5417154963442068
MANSARD,-1.3066389750579674,0.19133535318636952,-1.1403716027347786,0.2541315184276338
NAHCO,-1.5432159102742655,0.12277839824154335,1.265576456187138,0.20566475962372222
NASCON,0.8146879416365,0.41525095739338935,0.02066884212909935,0.983509824087248
NESTLE,-2.254045498203198,0.024193305827775458,-2.941422487389437,0.003267085972750161
NB,-1.8881595590326268,0.059004533126576275,-2.5682787206897144,0.0102204941370454
OKOMUOIL,-1.0850399970480864,0.2779039408282449,-0.8817064643947586,0.3779355643169955
PRESCO,-0.8656860709832266,0.38666234058711835,-1.9728793265375568,0.04850931251135915
STANBIC,0.7163427957091616,0.47377970767371846,0.5069679294806086,0.6121773211394983
STERLINGNG,-0.39393303377712763,0.6936304808359359,-2.3307606221284756,0.019765985585096235
TRANSCORP,0.873277089225078,0.3825120651992622,0.28829940022050593,0.7731175662284235
UACN,-1.4865982245140021,0.13712095703084914,-3.951460029663838,7.767584697160324e-05
UBA,-0.9105267087001484,0.3625448027831055,-2.0431557546213033,0.041037022104590815
UNILEVER,1.72215617939468,0.08504123049995749,-1.3747870905234987,0.16919746152551118
WEMABANK,-0.5252030956745312,0.5994420131500187,0.6490925686400572,0.516278544925044
ZENITHBANK,-1.959402929970726,0.050065617815092445,-2.8488879629394104,0.004387232697093513
