,CONOIL,CUSTODIAN,DANGCEM,DANGSUGAR,ETI,FCMB,FIDELITYBK,FIDSON,FBNH,GTCO,GUINNESS,JBERGER,WAPCO,MANSARD,NAHCO,NASCON,NESTLE,NB,OKOMUOIL,PRESCO,STANBIC,STERLINGNG,TRANSCORP,UACN,UBA,UNILEVER,WEMABANK,ZENITHBANK
CONOIL,1.0,0.12033203828630226,0.12486720451972975,0.0914126908335673,0.07300307959909237,0.1361516380320031,0.07811307513757894,0.021343258004792733,0.1302704450762788,0.1311019256338689,0.03320992945551313,0.09528376066113697,0.08178575933977152,0.029141990730936967,0.03027628467451322,0.06864741811754616,0.13420171014551027,0.14458488289895652,0.10703022772318545,0.12658821656023755,0.09454076365492807,0.13217127161304829,0.10054004154302879,0.04771049919930332,0.1230514431774257,0.09001311775496895,0.05747648545818376,0.18371590513013983
CUSTODIAN,0.12033203828630226,1.0,0.10716635098664107,0.1357932315919957,0.19325904607383948,0.16348978706274353,0.18419669986716986,0.1592302132573324,0.16666422969412892,0.14814380267075486,0.12406030389285673,0.06654376048961111,0.1370575520006855,0.16021030246743645,0.04516550627228934,0.07741765896138,0.16220566628565758,0.1492455367447251,0.14222020698401944,0.16154885070836542,0.12667339863375798,0.19459022151007682,0.1886659746667677,0.18245429286995657,0.17606062920902085,0.15094914624330694,0.17511267933719296,0.17147812843836904
DANGCEM,0.12486720451972975,0.10716635098664107,1.0,0.23892357929742028,0.19503915612184278,0.16628616775695104,0.15402252642033706,0.11518196423586104,0.20494876658682198,0.24260772572022718,0.21130756051432253,0.07267074293791134,0.21254400085698863,0.15146898690480246,0.14478480906401697,0.21821660431182996,0.2080338806403455,0.2577562401310914,0.1256559672999008,0.15163163431606913,0.16222732654391397,0.15011848287335172,0.20341868856623102,0.16149540204468169,0.23169955663279937,0.11998063958810787,0.13178335786301898,0.24908438250363912
DANGSUGAR,0.0914126908335673,0.1357932315919957,0.23892357929742028,1.0,0.2408504285172411,0.23039921914067904,0.2700149745135118,0.1889209891020452,0.23563347660364037,0.16819064790445815,0.11235072833302337,0.0940700965142916,0.3136995816201385,0.10274064984482989,0.20337240903294446,0.45408567114533804,0.16048960692900194,0.24445718540057362,0.0798351518450239,0.1999703413303865,0.13897845576638412,0.1643720055331615,0.2103285856207253,0.19834062935126764,0.2961443432250286,0.1896547855602441,0.15838609429218548,0.28006165459420285
ETI,0.07300307959909237,0.19325904607383948,0.19503915612184278,0.2408504285172411,1.0,0.3171671351418731,0.36538275420805355,0.14051275218459433,0.35456409113816273,0.335480755247546,0.1830255242500598,0.10601255541706676,0.25711703179526774,0.19255860950414966,0.19604400819718684,0.19864215674837246,0.1989302334627988,0.2927035585971787,0.12623657504692748,0.16259425955540485,0.2690053759047885,0.3165606864632801,0.1616996533530137,0.32152997195545413,0.3283637318355078,0.22972231956019887,0.23870377215575125,0.3724961893059389
FCMB,0.1361516380320031,0.16348978706274353,0.16628616775695104,0.23039921914067904,0.3171671351418731,1.0,0.48921186648140974,0.1862674904166871,0.4514341805637169,0.40075595653867485,0.135787500266889,0.14309933700414487,0.23694452237040098,0.17921346616962275,0.18530166925563155,0.2195567892170429,0.13147291292083155,0.20327847258930934,0.12027620664641027,0.17174488961135184,0.2549682215726484,0.4049818481709044,0.2719207064127859,0.24506942439199136,0.39010530348248146,0.18093216955679642,0.2795648576466373,0.40278723310922776
FIDELITYBK,0.07811307513757894,0.18419669986716986,0.15402252642033706,0.2700149745135118,0.36538275420805355,0.48921186648140974,1.0,0.1792396063195929,0.4376856767539401,0.3583245950784043,0.16510614509579083,0.1093728244601982,0.23903604735444842,0.10473648263782219,0.24917530464735127,0.22754904771526038,0.15316966931892953,0.25397478251047134,0.07845892405601865,0.14308070788146407,0.22860629996631066,0.41828563688327564,0.29234105149530515,0.2620009688185012,0.44165273785821396,0.19130214950584415,0.2827352446353261,0.42199649172451936
FIDSON,0.021343258004792733,0.1592302132573324,0.11518196423586104,0.1889209891020452,0.14051275218459433,0.1862674904166871,0.1792396063195929,1.0,0.16211150501694443,0.11303394483421254,0.10389754408349801,0.11851664217687564,0.16784695653219875,0.11226926811199825,0.13643910518639257,0.15246603947572257,0.05191014685155111,0.13424562796363013,0.12469650154378513,0.19399375298067315,0.13552519633188345,0.21257774568666693,0.18206942415571936,0.14183931524101315,0.17632764751957478,0.10185228264762793,0.12067815932773154,0.1813370088748417
FBNH,0.1302704450762788,0.16666422969412892,0.20494876658682198,0.23563347660364037,0.35456409113816273,0.4514341805637169,0.4376856767539401,0.16211150501694443,1.0,0.4416510543572575,0.1625630399041896,0.08818254738067481,0.22731761723657293,0.1574449697489185,0.22314310119727446,0.19849216589383198,0.20413494875169036,0.28730721686345073,0.14745385509738343,0.16885217100977296,0.2631885395517582,0.3252725990792683,0.25760903401185353,0.3039362094741363,0.5140128084572312,0.15417217292412363,0.2813332554700535,0.4877041183432238
GTCO,0.1311019256338689,0.14814380267075486,0.24260772572022718,0.16819064790445815,0.335480755247546,0.40075595653867485,0.3583245950784043,0.11303394483421254,0.4416510543572575,1.0,0.19273104081280884,0.15804326978321193,0.2765233961315538,0.18337879654296516,0.194368235372292,0.23708100457200856,0.22280249628686224,0.31666358062262107,0.11657677037406249,0.18366319135058667,0.3308578820442871,0.2575448624570281,0.252061799567929,0.2766522154845032,0.4861994452100525,0.186088818510418,0.21545632008238932,0.6330350446533671
GUINNESS,0.03320992945551313,0.12406030389285673,0.21130756051432253,0.11235072833302337,0.1830255242500598,0.135787500266889,0.16510614509579083,0.10389754408349801,0.1625630399041896,0.19273104081280884,1.0,0.12383432461845144,0.15410428341725976,0.11117520364878605,0.14868249722006024,0.11690636755598746,0.1624076419790711,0.21642507296084043,0.0711072862260872,0.10363652623174764,0.14250103583526028,0.16321226779402226,0.09626749704596292,0.15242854155780786,0.20950937541846726,0.13863791428098682,0.10328402182410074,0.18380481307265364
JBERGER,0.09528376066113697,0.06654376048961111,0.07267074293791134,0.0940700965142916,0.10601255541706676,0.14309933700414487,0.1093728244601982,0.11851664217687564,0.08818254738067481,0.15804326978321193,0.12383432461845144,1.0,0.14209180910883873,0.07395470264911627,0.10596428743105216,0.05802845741600413,0.055678599249197054,0.1044821189463318,0.07352455914045973,0.13032492035236062,0.10808222619149149,0.1511811784695492,0.06952092265716922,0.09582245089259224,0.1170381500776797,0.10112062023247154,0.13030989804130338,0.13880169244028878
WAPCO,0.08178575933977152,0.1370575520006855,0.21254400085698863,0.3136995816201385,0.25711703179526774,0.23694452237040098,0.23903604735444842,0.16784695653219875,0.22731761723657293,0.2765233961315538,0.15410428341725976,0.14209180910883873,1.0,0.11158130026104525,0.1960131734484043,0.3046155143501026,0.17528020458470656,0.27389400868022773,0.12659680611464258,0.1949165240937609,0.23674424281884995,0.22006125220676653,0.19490087618331864,0.2494131701979947,0.3163932691291468,0.22877324045192912,0.1973763201207195,0.3562970126510953
MANSARD,0.029141990730936967,0.16021030246743645,0.15146898690480246,0.10274064984482989,0.19255860950414966,0.17921346616962275,0.10473648263782219,0.11226926811199825,0.1574449697489185,0.18337879654296516,0.11117520364878605,0.07395470264911627,0.11158130026104525,1.0,0.12426629521065857,0.07970943061381573,0.0977944763631551,0.16529830702481083,0.09686170642720814,0.1113617328928338,0.17490601231650277,0.18302590302018426,0.11683132385016431,0.11383947910197045,0.15940543429678472,0.15383069410062225,0.13184610812213726,0.16773319068027906
NAHCO,0.03027628467451322,0.04516550627228934,0.14478480906401697,0.20337240903294446,0.19604400819718684,0.18530166925563155,0.24917530464735127,0.13643910518639257,0.22314310119727446,0.194368235372292,0.14868249722006024,0.10596428743105216,0.1960131734484043,0.12426629521065857,1.0,0.23968405909689344,0.06855219374696986,0.1807649158402969,0.046164843101504066,0.2150828257600426,0.1450029791450502,0.2407824000229526,0.1972065302649576,0.1757776628762196,0.2646564091359192,0.09528546873750798,0.15745851496547308,0.2687677101863743
NASCON,0.06864741811754616,0.07741765896138,0.21821660431182996,0.45408567114533804,0.19864215674837246,0.2195567892170429,0.22754904771526038,0.15246603947572257,0.19849216589383198,0.23708100457200856,0.11690636755598746,0.05802845741600413,0.3046155143501026,0.07970943061381573,0.23968405909689344,1.0,0.13570720973925218,0.22577446496667675,0.17274726868546067,0.19875821287762882,0.21516637119266302,0.16007526235927644,0.1937739765664328,0.22753510328870297,0.26230740174114847,0.13408101285567983,0.10923773464558537,0.29200156485135953
NESTLE,0.13420171014551027,0.16220566628565758,0.2080338806403455,0.16048960692900194,0.1989302334627988,0.13147291292083155,0.15316966931892953,0.05191014685155111,0.20413494875169036,0.22280249628686224,0.1624076419790711,0.055678599249197054,0.17528020458470656,0.0977944763631551,0.06855219374696986,0.13570720973925218,1.0,0.27651203919820366,0.06963578314993836,0.12349077649098295,0.1574188431496876,0.10395399935571616,0.11822292327052245,0.15499158184208686,0.1677938950032642,0.16054831668577774,0.12035307537573794,0.20209057707081832
NB,0.14458488289895652,0.1492455367447251,0.2577562401310914,0.24445718540057362,0.2927035585971787,0.20327847258930934,0.25397478251047134,0.13424562796363013,0.28730721686345073,0.31666358062262107,0.21642507296084043,0.1044821189463318,0.27389400868022773,0.16529830702481083,0.1807649158402969,0.22577446496667675,0.27651203919820366,1.0,0.08145618154983403,0.1444972026721734,0.25472893892909304,0.1993967110731339,0.20273473442296527,0.2197025754746814,0.30529384259446707,0.2041323328002194,0.1800298114894535,0.38813040938683996
OKOMUOIL,0.10703022772318545,0.14222020698401944,0.1256559672999008,0.0798351518450239,0.12623657504692748,0.12027620664641027,0.07845892405601865,0.12469650154378513,0.14745385509738343,0.11657677037406249,0.0711072862260872,0.07352455914045973,0.12659680611464258,0.09686170642720814,0.046164843101504066,0.17274726868546067,0.06963578314993836,0.08145618154983403,1.0,0.26277950839592035,0.13406582077341317,0.08435574743832713,0.06800888824089237,0.10224595926827618,0.12168754453461456,0.12381781308657808,0.046351706097959446,0.15147092799144402
PRESCO,0.12658821656023755,0.16154885070836542,0.15163163431606913,0.1999703413303865,0.16259425955540485,0.17174488961135184,0.14308070788146407,0.19399375298067315,0.16885217100977296,0.18366319135058667,0.10363652623174764,0.13032492035236062,0.1949165240937609,0.1113617328928338,0.2150828257600426,0.19875821287762882,0.12349077649098295,0.1444972026721734,0.26277950839592035,1.0,0.15599874559303223,0.18637345113555326,0.12042910228039277,0.21124356255938503,0.21439303015246688,0.1945099136445354,0.16929641524163086,0.19217804143276446
STANBIC,0.09454076365492807,0.12667339863375798,0.16222732654391397,0.13897845576638412,0.2690053759047885,0.2549682215726484,0.22860629996631066,0.13552519633188345,0.2631885395517582,0.3308578820442871,0.14250103583526028,0.10808222619149149,0.23674424281884995,0.17490601231650277,0.1450029791450502,0.21516637119266302,0.1574188431496876,0.25472893892909304,0.13406582077341317,0.15599874559303223,1.0,0.27781310965486916,0.15217331489196534,0.21838501678303682,0.33766198650391904,0.13900192888120308,0.20508458475913127,0.30542413836742077
STERLINGNG,0.13217127161304829,0.19459022151007682,0.15011848287335172,0.1643720055331615,0.3165606864632801,0.4049818481709044,0.41828563688327564,0.21257774568666693,0.3252725990792683,0.2575448624570281,0.16321226779402226,0.1511811784695492,0.22006125220676653,0.18302590302018426,0.2407824000229526,0.16007526235927644,0.10395399935571616,0.1993967110731339,0.08435574743832713,0.18637345113555326,0.27781310965486916,1.0,0.23448564907970124,0.27634654509279927,0.3354006254915741,0.1638622952335807,0.3208725785545567,0.3287362871552153
TRANSCORP,0.10054004154302879,0.1886659746667677,0.20341868856623102,0.2103285856207253,0.1616996533530137,0.2719207064127859,0.29234105149530515,0.18206942415571936,0.25760903401185353,0.252061799567929,0.09626749704596292,0.06952092265716922,0.19490087618331864,0.11683132385016431,0.1972065302649576,0.1937739765664328,0.11822292327052245,0.20273473442296527,0.06800888824089237,0.12042910228039277,0.15217331489196534,0.23448564907970124,1.0,0.10816295070207192,0.25481168259686415,0.16604408740490292,0.20745135213931593,0.27235042999440634
UACN,0.04771049919930332,0.18245429286995657,0.16149540204468169,0.19834062935126764,0.32152997195545413,0.24506942439199136,0.2620009688185012,0.14183931524101315,0.3039362094741363,0.2766522154845032,0.15242854155780786,0.09582245089259224,0.2494131701979947,0.11383947910197045,0.1757776628762196,0.22753510328870297,0.15499158184208686,0.2197025754746814,0.10224595926827618,0.21124356255938503,0.21838501678303682,0.27634654509279927,0.10816295070207192,1.0,0.2993869447769942,0.25096344880478455,0.1412546313512682,0.29398936652518565
UBA,0.1230514431774257,0.17606062920902085,0.23169955663279937,0.2961443432250286,0.3283637318355078,0.39010530348248146,0.44165273785821396,0.17632764751957478,0.5140128084572312,0.4861994452100525,0.20950937541846726,0.1170381500776797,0.3163932691291468,0.15940543429678472,0.2646564091359192,0.26230740174114847,0.1677938950032642,0.30529384259446707,0.12168754453461456,0.21439303015246688,0.33766198650391904,0.3354006254915741,0.25481168259686415,0.2993869447769942,1.0,0.18346278030832683,0.2728160668449555,0.577426233992751
UNILEVER,0.09001311775496895,0.15094914624330694,0.11998063958810787,0.1896547855602441,0.22972231956019887,0.18093216955679642,0.19130214950584415,0.10185228264762793,0.15417217292412363,0.186088818510418,0.13863791428098682,0.10112062023247154,0.22877324045192912,0.15383069410062225,0.09528546873750798,0.13408101285567983,0.16054831668577774,0.2041323328002194,0.12381781308657808,0.1945099136445354,0.13900192888120308,0.1638622952335807,0.16604408740490292,0.25096344880478455,0.18346278030832683,1.0,0.09997793938213374,0.2178205987295464
WEMABANK,0.05747648545818376,0.17511267933719296,0.13178335786301898,0.15838609429218548,0.23870377215575125,0.2795648576466373,0.2827352446353261,0.12067815932773154,0.2813332554700535,0.21545632008238932,0.10328402182410074,0.13030989804130338,0.1973763201207195,0.13184610812213726,0.15745851496547308,0.10923773464558537,0.12035307537573794,0.1800298114894535,0.046351706097959446,0.16929641524163086,0.20508458475913127,0.3208725785545567,0.20745135213931593,0.1412546313512682,0.2728160668449555,0.09997793938213374,1.0,0.24211649257238188
ZENITHBANK,0.18371590513013983,0.17147812843836904,0.24908438250363912,0.28006165459420285,0.3724961893059389,0.40278723310922776,0.42199649172451936,0.1813370088748417,0.4877041183432238,0.6330350446533671,0.18380481307265364,0.13880169244028878,0.3562970126510953,0.16773319068027906,0.2687677101863743,0.29200156485135953,0.20209057707081832,0.38813040938683996,0.15147092799144402,0.19217804143276446,0.30542413836742077,0.3287362871552153,0.27235042999440634,0.29398936652518565,0.577426233992751,0.2178205987295464,0.24211649257238188,1.0
