"Date","Price","Open","High","Low","Vol.","Change %"
"12/28/2025","74.80","79.35","79.00","74.80","15.57M","-5.73%"
"12/21/2025","79.35","79.50","79.50","78.35","20.04M","-0.19%"
"12/14/2025","79.50","82.40","79.50","76.70","8.54M","-3.52%"
"12/07/2025","82.40","75.00","82.40","74.00","15.87M","9.87%"
"11/30/2025","75.00","66.75","75.00","66.75","9.79M","12.36%"
"11/23/2025","66.75","68.50","68.50","66.00","49.78M","-2.55%"
"11/16/2025","68.50","70.00","70.00","68.50","6.34M","-2.14%"
"11/09/2025","70.00","67.00","70.05","60.00","29.33M","4.48%"
"11/02/2025","67.00","71.50","71.50","67.00","5.67M","-6.29%"
"10/26/2025","71.50","74.50","71.50","70.00","24.33M","-4.03%"
"10/19/2025","74.50","76.00","79.00","69.00","43.92M","-1.97%"
"10/12/2025","76.00","78.00","79.45","76.00","28.65M","-2.56%"
"10/05/2025","78.00","76.00","78.00","76.00","11.15M","2.63%"
"09/28/2025","76.00","75.50","76.00","71.30","32.00M","0.66%"
"09/21/2025","75.50","75.95","77.00","70.00","41.62M","-0.59%"
"09/14/2025","75.95","70.25","76.00","70.00","12.69M","8.11%"
"09/07/2025","70.25","68.50","70.25","68.50","74.88M","2.55%"
"08/31/2025","68.50","70.20","70.20","66.00","47.81M","-2.42%"
"08/24/2025","70.20","70.00","70.50","70.00","11.65M","0.29%"
"08/17/2025","70.00","71.50","71.50","68.00","77.51M","-2.10%"
"08/10/2025","71.50","74.50","74.50","67.50","62.31M","-4.03%"
"08/03/2025","74.50","76.00","76.00","74.50","33.84M","-1.97%"
"07/27/2025","76.00","72.10","78.70","71.50","75.31M","5.41%"
"07/20/2025","72.10","74.00","74.00","72.00","68.52M","-2.57%"
"07/13/2025","74.00","70.00","75.00","68.50","138.40M","5.71%"
"07/06/2025","70.00","62.35","73.15","62.95","99.10M","12.27%"
"06/29/2025","62.35","59.20","63.00","58.50","87.95M","5.32%"
"06/22/2025","59.20","57.80","59.20","57.90","79.79M","2.42%"
"06/15/2025","57.80","58.55","58.70","57.65","56.34M","-1.28%"
"06/08/2025","58.55","56.95","59.30","57.00","46.11M","2.81%"
"06/01/2025","56.95","57.00","59.40","55.40","41.30M","-0.09%"
"05/25/2025","57.00","54.00","57.00","53.00","64.20M","5.56%"
"05/18/2025","54.00","55.00","60.00","54.00","132.16M","-1.82%"
"05/11/2025","55.00","48.70","55.00","47.50","63.42M","12.94%"
"05/04/2025","48.70","46.00","55.40","48.30","60.39M","5.87%"
"04/27/2025","46.00","39.00","46.00","39.50","45.53M","17.95%"
"04/20/2025","39.00","39.80","43.50","37.15","47.66M","7.73%"
"04/13/2025","36.20","32.00","36.20","31.95","28.26M","13.13%"
"04/06/2025","32.00","34.00","32.00","32.00","3.76M","-5.88%"
"03/30/2025","34.00","34.10","34.30","34.00","36.82M","-0.29%"
"03/23/2025","34.10","33.15","34.10","33.10","23.97M","2.87%"
"03/16/2025","33.15","32.00","33.20","32.00","54.05M","3.59%"
"03/09/2025","32.00","32.00","32.00","31.00","20.00M","0.00%"
"03/02/2025","32.00","34.80","34.00","31.70","5.76M","-8.05%"
"02/23/2025","34.80","34.00","35.05","33.65","7.94M","2.35%"
"02/16/2025","34.00","33.00","36.30","33.80","21.02M","3.03%"
"02/09/2025","33.00","34.00","34.00","32.30","6.60M","-2.94%"
"02/02/2025","34.00","35.80","35.80","32.40","25.67M","-5.03%"
"01/26/2025","35.80","31.00","35.80","31.70","61.19M","15.48%"
"01/19/2025","31.00","31.90","31.90","31.00","44.82M","-2.82%"
"01/12/2025","31.90","32.00","32.05","31.00","55.32M","-0.31%"
"01/05/2025","32.00","32.15","32.20","32.00","35.22M","-0.47%"
"12/29/2024","32.15","32.50","32.15","31.60","13.47M","-1.08%"
"12/22/2024","32.50","29.00","32.50","31.00","13.96M","12.07%"
"12/15/2024","29.00","27.50","30.00","28.00","14.40M","5.45%"
"12/08/2024","27.50","27.30","27.50","27.15","6.31M","0.73%"
"12/01/2024","27.30","27.00","28.10","27.30","12.57M","1.11%"
"11/24/2024","27.00","28.50","28.50","27.00","2.50M","-5.26%"
"11/17/2024","28.50","27.00","28.85","28.00","4.34M","5.56%"
"11/10/2024","27.00","27.00","27.35","27.00","4.07M","0.00%"
"11/03/2024","27.00","28.00","27.00","27.00","24.55M","-3.57%"
"10/27/2024","28.00","28.00","28.00","28.00","3.70M","0.00%"
"10/20/2024","28.00","28.00","28.05","27.75","71.65M","0.00%"
"10/13/2024","28.00","29.00","28.00","28.00","2.38M","-3.45%"
"10/06/2024","29.00","30.00","30.10","28.50","28.47M","-3.33%"
"09/29/2024","30.00","29.20","30.00","29.05","13.37M","2.74%"
"09/22/2024","29.20","28.00","29.20","28.00","16.57M","4.29%"
"09/15/2024","28.00","28.00","28.00","28.00","2.40M","0.00%"
"09/08/2024","28.00","27.00","28.00","27.00","15.99M","3.70%"
"09/01/2024","27.00","28.30","27.50","26.00","3.99M","-4.59%"
"08/25/2024","28.30","28.65","28.50","28.00","4.42M","-1.22%"
"08/18/2024","28.65","29.00","29.50","28.00","5.08M","-1.21%"
"08/11/2024","29.00","31.00","29.60","29.00","2.10M","-6.45%"
"08/04/2024","31.00","26.00","31.00","26.40","3.80M","19.23%"
"07/28/2024","26.00","29.80","29.95","25.25","18.03M","-12.75%"
"07/21/2024","29.80","29.75","29.80","29.80","26.90M","0.17%"
"07/14/2024","29.75","29.70","29.95","29.50","6.25M","8.66%"
"07/07/2024","27.38","26.83","27.38","27.38","3.93M","2.06%"
"06/30/2024","26.83","27.19","26.83","26.73","3.51M","-1.36%"
"06/23/2024","27.19","26.73","27.65","26.50","8.93M","1.72%"
"06/16/2024","26.73","29.18","26.73","26.73","3.32M","-8.37%"
"06/09/2024","29.18","25.21","29.41","25.81","166.98M","15.72%"
"06/02/2024","25.21","24.43","26.36","23.97","40.68M","3.21%"
"05/26/2024","24.43","21.89","24.80","22.91","8.66M","11.58%"
"05/19/2024","21.89","21.20","22.03","21.20","31.15M","3.26%"
"05/12/2024","21.20","21.66","21.76","20.83","131.72M","-2.13%"
"05/05/2024","21.66","23.60","22.95","21.20","359.15M","-8.20%"
"04/28/2024","23.60","24.70","23.97","23.60","77.61M","-4.48%"
"04/21/2024","24.70","25.81","25.81","24.70","61.52M","-4.29%"
"04/14/2024","25.81","25.81","26.59","25.81","14.94M","0.00%"
"04/07/2024","25.81","26.64","26.64","25.81","37.80M","-3.11%"
"03/31/2024","26.64","27.06","27.01","26.64","27.23M","-1.53%"
"03/24/2024","27.06","26.73","27.19","25.76","57.61M","4.82%"
"03/17/2024","25.81","27.47","27.19","25.81","31.34M","-6.04%"
"03/10/2024","27.47","26.73","27.47","26.73","12.50M","2.76%"
"03/03/2024","26.73","29.96","29.96","26.73","8.74M","-10.77%"
"02/25/2024","29.96","31.34","31.34","28.21","7.11M","-4.41%"
"02/18/2024","31.34","35.03","31.85","31.34","4.65M","-10.53%"
"02/11/2024","35.03","35.03","35.95","34.66","41.19M","0.00%"
"02/04/2024","35.03","35.95","35.95","35.03","37.12M","-2.56%"
"01/28/2024","35.95","35.67","35.95","34.11","5.58M","0.78%"
"01/21/2024","35.67","36.87","36.87","35.67","5.37M","-3.25%"
"01/14/2024","36.87","34.57","39.64","34.57","123.85M","6.67%"
"01/07/2024","34.57","34.15","34.57","34.11","25.05M","1.21%"
"12/31/2023","34.15","33.19","34.15","33.69","11.77M","2.92%"
"12/24/2023","33.19","33.19","34.15","33.19","9.88M","0.00%"
"12/17/2023","33.19","34.94","33.37","33.14","10.92M","-5.01%"
"12/10/2023","34.94","34.15","34.94","33.55","7.45M","2.29%"
"12/03/2023","34.15","34.15","34.20","34.15","73.05M","0.00%"
"11/26/2023","34.15","35.03","35.12","34.15","10.25M","-2.50%"
"11/19/2023","35.03","36.87","35.95","35.03","8.56M","-5.00%"
"11/12/2023","36.87","35.03","36.87","35.03","17.87M","5.26%"
"11/05/2023","35.03","34.34","35.03","34.52","20.40M","2.01%"
"10/29/2023","34.34","33.23","35.86","33.42","11.26M","3.33%"
"10/22/2023","33.23","35.03","35.95","33.23","3.31M","-5.13%"
"10/15/2023","35.03","38.72","35.86","34.61","3.47M","-9.52%"
"10/08/2023","38.72","35.49","38.72","36.78","3.00M","9.09%"
"10/01/2023","35.49","37.66","37.66","35.49","2.70M","-5.75%"
"09/24/2023","37.66","36.41","37.66","37.66","2.00M","3.42%"
"09/17/2023","36.41","37.75","36.41","36.41","2.97M","-3.54%"
"09/10/2023","37.75","35.12","37.75","35.72","33.84M","7.48%"
"09/03/2023","35.12","35.95","36.87","35.03","25.12M","-2.31%"
"08/27/2023","35.95","34.94","35.95","34.11","5.68M","2.90%"
"08/20/2023","34.94","39.18","35.26","34.38","5.29M","-10.82%"
"08/13/2023","39.18","39.18","40.30","38.30","888.30K","0.00%"
"08/06/2023","39.18","39.18","42.50","39.10","2.23M","0.00%"
"07/30/2023","39.18","33.65","39.18","34.11","5.59M","16.44%"
"07/23/2023","33.65","40.24","39.18","33.19","7.69M","-16.38%"
"07/16/2023","40.24","35.95","40.24","34.11","12.70M","11.92%"
"07/09/2023","35.95","40.28","39.64","35.95","8.12M","-10.76%"
"07/02/2023","40.28","41.48","42.31","39.73","23.28M","-2.89%"
"06/25/2023","41.48","40.28","41.48","39.64","12.20M","2.97%"
"06/18/2023","40.28","40.47","40.74","39.32","14.14M","-0.46%"
"06/11/2023","40.47","37.79","42.86","38.21","13.26M","7.07%"
"06/04/2023","37.79","37.79","38.49","37.70","6.85M","0.00%"
"05/28/2023","37.79","35.49","39.09","36.87","22.08M","6.49%"
"05/21/2023","35.49","35.03","35.49","34.20","12.73M","1.32%"
"05/14/2023","35.03","29.59","35.77","32.17","14.26M","18.38%"
"05/07/2023","29.59","31.07","32.26","29.59","12.84M","-4.75%"
"04/30/2023","31.07","29.50","32.26","29.50","17.42M","5.31%"
"04/23/2023","29.50","33.32","33.65","29.50","10.30M","-11.48%"
"04/16/2023","33.32","33.51","33.88","32.91","8.36M","-0.55%"
"04/09/2023","33.51","34.11","33.88","33.37","7.74M","-1.76%"
"04/02/2023","34.11","34.11","34.11","34.11","5.40M","0.00%"
"03/26/2023","34.11","35.03","34.11","34.11","5.21M","-2.63%"
"03/19/2023","35.03","36.69","35.54","33.65","9.95M","-4.52%"
"03/12/2023","36.69","37.66","40.85","39.00","3.08M","-2.57%"
"03/05/2023","37.66","38.03","37.66","37.66","5.50M","-0.97%"
"02/26/2023","38.03","38.26","38.12","38.12","4.58M","-0.60%"
"02/19/2023","38.26","37.79","38.72","37.79","4.28M","1.22%"
"02/12/2023","37.79","37.33","37.79","37.33","9.58M","1.23%"
"02/05/2023","37.33","38.53","37.52","36.87","32.81M","-3.11%"
"01/29/2023","38.53","38.67","38.53","38.53","3.93M","-0.36%"
"01/22/2023","38.67","42.82","38.90","38.58","4.47M","-9.69%"
"01/15/2023","42.82","43.33","42.82","41.76","2.55M","-1.17%"
"01/08/2023","43.33","43.33","45.03","43.33","3.37M","0.00%"
"01/01/2023","43.33","37.79","43.33","41.48","3.58M","14.63%"
"12/25/2022","37.79","34.66","37.79","37.79","1.66M","9.04%"
"12/18/2022","34.66","35.03","34.84","34.66","13.21M","-1.05%"
"12/11/2022","35.03","35.49","35.49","34.61","4.15M","-1.30%"
"12/04/2022","35.49","33.19","35.49","33.92","9.01M","6.94%"
"11/27/2022","33.19","36.10","33.44","30.97","4.77M","-8.07%"
"11/20/2022","36.10","30.42","36.10","33.44","13.95M","18.67%"
"11/13/2022","30.42","27.58","30.42","27.65","12.61M","10.29%"
"11/06/2022","27.58","29.42","29.31","26.55","20.76M","-6.27%"
"10/30/2022","29.42","30.86","29.72","29.42","5.82M","-4.66%"
"10/23/2022","30.86","30.97","30.97","30.31","8.58M","-0.36%"
"10/16/2022","30.97","34.25","30.97","30.90","3.69M","-9.58%"
"10/09/2022","34.25","35.69","34.25","32.15","5.27M","-4.03%"
"10/02/2022","35.69","35.69","38.72","38.72","932.40K","0.00%"
"09/25/2022","35.69","35.69","38.72","38.72","8.73M","0.00%"
"09/18/2022","35.69","35.69","38.72","38.72","1.37M","0.00%"
"09/11/2022","35.69","35.69","38.72","38.72","2.74M","0.00%"
"09/04/2022","35.69","34.66","35.95","35.40","4.02M","2.98%"
"08/28/2022","34.66","34.77","34.66","31.78","7.87M","-0.32%"
"08/21/2022","34.77","34.77","37.72","37.72","6.30M","0.00%"
"08/14/2022","34.77","34.77","37.72","37.72","1.97M","0.00%"
"08/07/2022","34.77","34.77","37.72","37.72","2.60M","0.00%"
"07/31/2022","34.77","35.18","34.77","34.03","8.60M","-1.15%"
"07/24/2022","35.18","36.69","36.50","35.03","11.77M","-4.12%"
"07/17/2022","36.69","41.19","39.09","36.69","51.49M","-10.92%"
"07/10/2022","41.19","41.19","44.68","44.68","2.24M","0.00%"
"07/03/2022","41.19","43.36","41.19","39.86","3.26M","-5.02%"
"06/26/2022","43.36","44.25","43.51","41.30","10.62M","-2.00%"
"06/19/2022","44.25","46.83","46.09","42.81","7.55M","-5.51%"
"06/12/2022","46.83","46.46","46.83","46.83","2.53M","0.79%"
"06/05/2022","46.46","46.98","46.46","46.46","4.45M","-1.10%"
"05/29/2022","46.98","51.11","46.98","42.55","10.78M","-8.08%"
"05/22/2022","51.11","56.78","51.11","51.11","456.50K","-10.00%"
"05/15/2022","56.78","56.78","61.60","61.60","2.80M","0.00%"
"05/08/2022","56.78","51.62","57.89","54.54","31.18M","10.00%"
"05/01/2022","51.62","42.11","55.24","42.77","17.44M","22.59%"
"04/24/2022","42.11","35.91","43.40","36.14","32.84M","17.25%"
"04/17/2022","35.91","33.15","36.14","32.60","36.26M","8.34%"
"04/10/2022","33.15","29.65","33.15","29.50","36.90M","11.82%"
"04/03/2022","29.65","29.83","29.65","29.42","11.86M","-0.62%"
"03/27/2022","29.83","32.82","29.83","29.83","5.06M","-9.10%"
"03/20/2022","32.82","32.82","35.60","35.60","3.48M","0.00%"
"03/13/2022","32.82","33.92","33.55","32.82","17.42M","-3.26%"
"03/06/2022","33.92","35.40","35.32","33.92","25.70M","-4.17%"
"02/27/2022","35.40","35.40","35.40","35.40","5.53M","0.00%"
"02/20/2022","35.40","35.40","35.55","35.40","18.81M","0.00%"
"02/13/2022","35.40","35.36","35.73","34.96","58.29M","0.10%"
"02/06/2022","35.36","35.40","35.40","35.36","49.99M","-0.10%"
"01/30/2022","35.40","35.77","35.73","35.40","38.79M","-1.03%"
"01/23/2022","35.77","35.40","35.77","34.88","36.36M","1.04%"
"01/16/2022","35.40","33.92","35.40","34.66","26.39M","4.35%"
"01/09/2022","33.92","35.40","33.92","33.55","20.18M","-4.17%"
"01/02/2022","35.40","36.87","35.40","35.40","12.35M","-4.00%"
"12/26/2021","36.87","35.40","36.87","33.52","3.32M","4.17%"
"12/19/2021","35.40","35.40","35.40","35.40","4.42M","0.00%"
"12/12/2021","35.40","34.66","35.40","35.03","15.59M","2.13%"
"12/05/2021","34.66","34.62","34.66","34.66","2.80M","0.11%"
"11/28/2021","34.62","34.29","34.62","34.37","8.29M","0.97%"
"11/21/2021","34.29","37.32","35.40","34.29","14.90M","-8.82%"
"11/14/2021","37.61","38.72","38.72","37.61","41.80M","-2.86%"
"11/07/2021","38.72","38.72","42.00","42.00","1.52M","0.00%"
"10/31/2021","38.72","39.09","38.72","38.72","5.89M","-0.94%"
"10/24/2021","39.09","37.94","40.01","36.14","30.04M","3.01%"
"10/17/2021","37.94","35.32","37.94","37.94","2.38M","7.41%"
"10/10/2021","35.32","36.50","35.32","34.29","16.63M","-3.23%"
"10/03/2021","36.50","36.50","39.60","39.60","2.66M","0.00%"
"09/26/2021","36.50","35.95","36.87","35.62","9.44M","1.54%"
"09/19/2021","35.95","35.95","39.00","39.00","1.12M","0.00%"
"09/12/2021","35.95","35.88","35.95","35.95","2.31M","0.21%"
"09/05/2021","35.88","35.40","35.88","35.43","15.43M","1.35%"
"08/29/2021","35.40","38.35","40.49","35.40","8.94M","-7.69%"
"08/22/2021","38.35","38.35","41.60","41.60","2.58M","0.00%"
"08/15/2021","38.35","42.04","38.35","38.35","1.98M","-8.77%"
"08/08/2021","42.04","42.04","42.04","42.04","2.68M","0.00%"
"08/01/2021","42.04","42.40","42.04","41.30","3.11M","-0.87%"
"07/25/2021","42.40","42.77","42.77","42.40","6.90M","-0.86%"
"07/18/2021","42.77","42.77","42.77","42.77","5.87M","0.00%"
"07/11/2021","42.77","44.25","42.77","42.77","2.85M","-3.33%"
"07/04/2021","44.25","44.25","48.00","48.00","5.32M","0.00%"
"06/27/2021","44.25","44.14","44.25","44.10","8.71M","0.25%"
"06/20/2021","44.14","43.51","44.14","43.51","7.60M","1.44%"
"06/13/2021","43.51","42.99","44.25","43.51","2.37M","1.20%"
"06/06/2021","42.99","43.55","43.51","42.99","4.94M","-1.27%"
"05/30/2021","43.55","43.14","43.55","43.14","9.39M","0.94%"
"05/23/2021","43.14","41.30","43.14","42.26","5.97M","4.46%"
"05/16/2021","41.30","40.41","41.30","41.30","2.50M","2.19%"
"05/09/2021","40.41","40.41","43.84","43.84","387.40K","0.00%"
"05/02/2021","40.41","40.41","43.84","43.84","1.29M","0.00%"
"04/25/2021","40.41","37.76","40.41","38.35","8.90M","7.03%"
"04/18/2021","37.76","36.95","37.76","37.76","3.01M","2.20%"
"04/11/2021","36.95","37.61","36.95","36.95","1.87M","-1.76%"
"04/04/2021","37.61","37.61","40.80","40.80","1.09M","0.00%"
"03/28/2021","37.61","35.77","37.61","36.87","2.83M","5.15%"
"03/21/2021","35.77","34.66","35.80","35.40","19.35M","3.19%"
"03/14/2021","34.66","36.61","34.66","34.66","1.51M","-5.34%"
"03/07/2021","36.61","36.50","36.87","36.61","22.18M","0.30%"
"02/28/2021","36.50","38.35","36.87","36.50","2.60M","-4.81%"
"02/21/2021","38.35","43.51","39.82","38.35","10.99M","-11.86%"
"02/14/2021","43.51","44.98","43.51","43.51","2.74M","-3.28%"
"02/07/2021","44.98","44.98","44.98","44.98","5.62M","0.00%"
"01/31/2021","44.98","46.46","44.98","44.98","6.41M","-3.17%"
"01/24/2021","46.46","44.98","46.46","44.25","13.43M","3.28%"
"01/17/2021","44.98","44.25","44.98","44.98","11.04M","1.67%"
"01/10/2021","44.25","42.77","44.25","42.77","8.54M","3.45%"
"01/03/2021","42.77","41.30","42.77","41.30","19.85M","3.57%"
"12/27/2020","41.30","41.30","41.30","41.30","2.61M","0.00%"
"12/20/2020","41.30","40.56","41.30","41.30","5.48M","1.82%"
"12/13/2020","40.56","40.56","40.56","40.56","3.65M","0.00%"
"12/06/2020","40.56","41.30","40.56","40.56","19.41M","-1.79%"
"11/29/2020","41.30","44.43","41.30","41.30","10.45M","-7.05%"
"11/22/2020","44.43","44.43","48.20","48.20","2.33M","-0.41%"
"11/15/2020","44.62","46.53","44.62","39.82","17.20M","-4.12%"
"11/08/2020","46.53","38.35","46.64","38.72","21.65M","21.35%"
"11/01/2020","38.35","38.35","38.35","38.35","19.39M","0.00%"
"10/25/2020","38.35","38.35","38.35","38.35","4.93M","0.00%"
"10/18/2020","38.35","36.28","38.35","37.94","14.14M","5.69%"
"10/11/2020","36.28","35.84","36.28","36.21","6.74M","1.23%"
"10/04/2020","35.84","36.14","38.57","35.84","6.23M","-0.82%"
"09/27/2020","36.14","38.75","36.14","36.14","7.09M","-6.76%"
"09/20/2020","38.75","30.97","38.75","31.71","12.42M","25.12%"
"09/13/2020","30.97","30.27","30.97","30.97","2.13M","2.31%"
"09/06/2020","30.27","29.50","30.27","29.94","8.47M","2.62%"
"08/30/2020","29.50","27.29","29.50","28.76","8.77M","8.11%"
"08/23/2020","27.29","26.55","27.29","26.55","2.62M","2.78%"
"08/16/2020","26.55","26.55","26.55","25.81","16.96M","0.00%"
"08/09/2020","26.55","23.60","26.55","24.23","3.91M","12.50%"
"08/02/2020","23.60","22.86","23.60","23.60","13.95M","3.23%"
"07/26/2020","22.86","22.86","22.86","22.86","2.99M","0.00%"
"07/19/2020","22.86","22.12","22.86","22.12","122.79M","3.33%"
"07/12/2020","22.12","25.11","23.97","22.12","21.06M","-11.89%"
"07/05/2020","25.11","25.11","25.11","25.11","15.42M","0.00%"
"06/28/2020","25.11","25.81","26.62","25.07","33.31M","-2.71%"
"06/21/2020","25.81","28.02","27.29","25.59","18.61M","-7.89%"
"06/14/2020","28.02","30.97","28.02","28.02","13.16M","-9.52%"
"06/07/2020","30.97","30.97","31.34","30.97","14.01M","0.00%"
"05/31/2020","30.97","31.93","32.45","30.97","156.22M","-3.00%"
"05/24/2020","31.93","29.13","32.04","30.60","17.59M","9.62%"
"05/17/2020","29.13","27.65","29.13","27.65","3.65M","5.33%"
"05/10/2020","27.65","27.65","27.65","27.65","10.22M","0.00%"
"05/03/2020","27.65","22.12","27.95","22.12","10.27M","25.00%"
"04/26/2020","22.12","25.44","22.90","22.12","6.61M","-13.04%"
"04/19/2020","25.44","23.86","25.44","25.44","4.17M","6.65%"
"04/12/2020","23.86","16.37","23.86","17.99","13.88M","45.72%"
"04/05/2020","16.37","16.22","16.45","16.37","35.78M","0.91%"
"03/29/2020","16.22","18.81","18.92","16.22","27.25M","-13.73%"
"03/22/2020","18.81","22.12","19.91","18.81","26.46M","-15.00%"
"03/15/2020","22.12","20.65","22.12","20.61","8.10M","7.14%"
"03/08/2020","20.65","30.09","27.10","20.65","72.15M","-31.37%"
"03/01/2020","30.09","29.87","31.19","29.87","28.25M","0.74%"
"02/23/2020","29.87","35.73","34.66","29.87","58.61M","-16.41%"
"02/16/2020","35.73","37.98","35.73","34.70","3.46M","-5.92%"
"02/09/2020","37.98","37.98","41.20","41.20","1.56M","0.00%"
"02/02/2020","37.98","40.56","37.98","37.98","37.19M","-6.36%"
"01/26/2020","40.56","38.35","40.56","39.09","11.40M","5.77%"
"01/19/2020","38.35","37.68","38.35","38.35","2.29M","1.76%"
"01/12/2020","37.68","41.33","37.68","37.68","1.79M","-8.83%"
"01/05/2020","41.33","41.37","41.33","41.33","4.84M","-0.09%"
"12/29/2019","41.37","42.74","44.06","39.45","8.30M","-3.19%"
"12/22/2019","42.74","42.74","42.74","42.74","1.88M","0.00%"
"12/15/2019","42.74","38.86","42.74","38.86","15.75M","9.96%"
"12/08/2019","38.86","37.76","38.86","37.76","11.11M","2.93%"
"12/01/2019","37.76","37.65","37.76","37.61","36.37M","0.29%"
"11/24/2019","37.65","37.24","37.72","37.24","30.91M","1.09%"
"11/17/2019","37.24","35.77","38.35","36.14","30.04M","4.12%"
"11/10/2019","35.77","34.29","35.77","34.29","185.78M","4.30%"
"11/03/2019","34.29","34.29","37.20","37.20","1.94M","0.00%"
"10/27/2019","34.29","33.96","36.87","34.11","12.19M","0.98%"
"10/20/2019","33.96","33.96","36.84","36.84","3.58M","0.00%"
"10/13/2019","33.96","33.92","33.96","33.92","13.58M","0.11%"
"10/06/2019","33.92","37.13","36.87","33.92","14.10M","-8.64%"
"09/29/2019","37.13","38.72","37.13","36.14","6.03M","-4.10%"
"09/22/2019","38.72","38.75","38.72","38.35","162.59M","-0.10%"
"09/15/2019","38.75","37.65","38.75","37.98","56.61M","2.94%"
"09/08/2019","37.65","37.28","37.65","37.43","1.99M","0.99%"
"09/01/2019","37.28","37.76","37.98","37.24","9.64M","-1.27%"
"08/25/2019","37.76","37.39","37.79","37.24","3.06M","0.99%"
"08/18/2019","37.39","36.87","37.39","36.87","5.83M","1.40%"
"08/11/2019","36.87","36.87","36.87","36.84","8.68M","0.00%"
"08/04/2019","36.87","36.87","36.87","36.87","1.29M","0.00%"
"07/28/2019","36.87","44.25","40.56","36.87","3.11M","-16.67%"
"07/21/2019","44.25","43.51","44.25","41.37","6.84M","1.69%"
"07/14/2019","43.51","42.77","44.25","42.77","14.21M","1.72%"
"07/07/2019","42.77","44.54","44.98","42.77","13.23M","-3.97%"
"06/30/2019","44.54","46.46","44.62","42.77","6.48M","-4.13%"
"06/23/2019","46.46","44.25","46.46","42.40","15.10M","-3.21%"
"06/16/2019","48.00","46.40","48.00","45.60","23.02M","3.45%"
"06/09/2019","46.40","46.40","46.40","45.60","34.31M","0.00%"
"06/02/2019","46.40","46.40","46.40","46.40","4.70M","0.00%"
"05/26/2019","46.40","46.40","48.00","46.40","4.89M","0.00%"
"05/19/2019","46.40","50.00","50.00","46.40","19.24M","-7.20%"
"05/12/2019","50.00","52.24","52.00","50.00","18.53M","-4.29%"
"05/05/2019","52.24","52.84","52.88","52.00","17.56M","-1.14%"
"04/28/2019","52.84","51.72","52.84","52.00","13.89M","2.17%"
"04/21/2019","51.72","52.00","52.00","51.20","8.90M","-0.54%"
"04/14/2019","52.00","48.16","52.00","51.20","5.49M","7.97%"
"04/07/2019","48.16","48.00","48.16","48.00","9.49M","0.33%"
"03/31/2019","48.00","53.40","50.40","45.36","37.27M","-10.11%"
"03/24/2019","53.40","55.60","53.64","53.40","8.03M","-3.96%"
"03/17/2019","55.60","60.00","56.16","55.60","7.35M","-7.33%"
"03/10/2019","60.00","60.00","60.40","60.00","6.28M","0.00%"
"03/03/2019","60.00","64.00","60.00","60.00","1.31M","-6.25%"
"02/24/2019","64.00","64.00","66.56","63.60","58.07M","0.00%"
"02/17/2019","64.00","66.40","66.00","60.00","4.56M","-3.61%"
"02/10/2019","66.40","62.40","66.40","64.00","10.74M","6.41%"
"02/03/2019","62.40","59.20","62.40","61.60","8.16M","5.41%"
"01/27/2019","59.20","63.92","62.40","59.20","26.43M","-7.38%"
"01/20/2019","63.92","64.80","64.80","63.92","3.60M","-1.36%"
"01/13/2019","64.80","62.40","64.80","62.40","9.97M","3.85%"
"01/06/2019","62.40","63.60","64.40","62.40","9.09M","-1.89%"
"12/30/2018","63.60","65.60","68.40","62.40","2.81M","-3.05%"
"12/23/2018","65.60","64.00","66.16","64.00","6.74M","2.50%"
"12/16/2018","64.00","63.60","64.40","60.96","16.35M","0.63%"
"12/09/2018","63.60","64.00","64.00","60.00","18.96M","-0.63%"
"12/02/2018","64.00","66.08","65.60","63.68","10.25M","-3.15%"
"11/25/2018","66.08","65.20","66.08","62.32","20.08M","1.35%"
"11/18/2018","65.20","66.24","68.40","63.52","23.59M","-1.57%"
"11/11/2018","66.24","65.60","66.40","65.20","9.68M","0.98%"
"11/04/2018","65.60","65.84","65.84","60.00","4.70M","-0.36%"
"10/28/2018","65.84","70.40","70.40","65.68","22.58M","-6.48%"
"10/21/2018","70.40","70.80","74.00","69.36","27.55M","-0.56%"
"10/14/2018","70.80","70.40","71.68","68.80","4.67M","0.57%"
"10/07/2018","70.40","71.76","72.00","68.00","5.75M","-1.90%"
"09/30/2018","71.76","73.20","73.20","68.64","6.55M","-1.97%"
"09/23/2018","73.20","74.40","74.32","71.92","5.33M","-1.61%"
"09/16/2018","74.40","74.00","76.00","68.16","9.02M","0.54%"
"09/09/2018","74.00","74.32","74.32","67.20","10.52M","-0.43%"
"09/02/2018","74.32","78.32","76.00","73.60","29.33M","-5.11%"
"08/26/2018","78.32","80.00","80.40","78.32","15.51M","-2.10%"
"08/19/2018","80.00","82.40","81.60","79.92","3.80M","-2.91%"
"08/12/2018","82.40","82.40","82.40","82.00","7.20M","0.00%"
"08/05/2018","82.40","82.40","82.40","80.00","2.96M","0.00%"
"07/29/2018","82.40","83.20","84.00","79.20","43.86M","-0.96%"
"07/22/2018","83.20","86.00","86.40","83.20","32.43M","-3.26%"
"07/15/2018","86.00","88.00","88.08","84.00","11.49M","-2.27%"
"07/08/2018","88.00","88.88","89.04","83.20","14.09M","-0.99%"
"07/01/2018","88.88","91.36","92.00","88.80","5.31M","-2.71%"
"06/24/2018","91.36","88.24","91.52","88.00","8.71M","3.35%"
"06/17/2018","88.40","88.08","89.92","87.20","10.35M","0.45%"
"06/10/2018","88.00","96.56","95.04","88.00","10.46M","-5.98%"
"06/03/2018","93.60","84.72","96.32","84.00","28.27M","13.59%"
"05/27/2018","82.40","92.80","92.64","82.08","26.93M","-10.75%"
"05/20/2018","92.32","98.72","101.60","91.20","16.35M","-6.33%"
"05/13/2018","98.56","97.44","102.16","96.80","10.91M","-1.04%"
"05/06/2018","99.60","100.80","102.40","98.88","6.82M","-3.49%"
"04/29/2018","103.20","104.00","104.00","101.52","9.06M","-0.77%"
"04/22/2018","104.00","100.88","104.00","99.84","30.89M","3.09%"
"04/15/2018","100.88","103.20","103.20","100.40","5.20M","-3.00%"
"04/08/2018","104.00","102.48","104.00","100.00","30.91M","0.78%"
"04/01/2018","103.20","104.00","104.00","102.40","22.53M","-0.77%"
"03/25/2018","104.00","101.60","104.00","101.60","4.32M","2.77%"
"03/18/2018","101.20","104.00","104.08","100.72","11.42M","-4.89%"
"03/11/2018","106.40","108.00","107.20","99.20","37.73M","2.70%"
"03/04/2018","103.60","107.92","105.92","100.16","8.11M","-1.15%"
"02/25/2018","104.80","108.00","108.80","102.96","19.14M","0.77%"
"02/18/2018","104.00","108.40","107.12","97.28","42.23M","-0.76%"
"02/11/2018","104.80","112.00","110.40","100.00","8.17M","-4.31%"
"02/04/2018","109.52","115.60","117.60","108.72","12.71M","-5.26%"
"01/28/2018","115.60","120.80","121.60","115.12","38.13M","-4.78%"
"01/21/2018","121.40","113.60","121.60","113.60","12.08M","6.73%"
"01/14/2018","113.75","115.22","119.75","112.00","12.79M","-5.87%"
"01/07/2018","120.84","115.15","124.00","112.00","160.90M","9.38%"
"12/31/2017","110.48","107.96","112.01","106.80","35.92M","2.37%"
"12/24/2017","107.92","111.32","113.52","107.23","2.32M","-3.64%"
"12/17/2017","112.00","112.05","114.00","110.46","5.25M","-1.75%"
"12/10/2017","114.00","115.12","115.90","108.73","30.03M","-1.72%"
"12/03/2017","116.00","108.00","116.00","105.84","18.61M","9.60%"
"11/26/2017","105.84","108.80","112.00","104.80","31.22M","1.71%"
"11/19/2017","104.06","115.98","111.20","103.60","25.00M","-6.29%"
"11/12/2017","111.04","112.50","115.18","109.60","114.24M","-3.54%"
"11/05/2017","115.12","119.99","117.92","112.82","15.76M","-0.78%"
"10/29/2017","116.02","121.58","121.58","115.20","18.05M","-4.59%"
"10/22/2017","121.60","125.64","129.68","121.60","7.53M","-5.01%"
"10/15/2017","128.01","131.20","132.00","128.01","7.92M","-3.02%"
"10/08/2017","132.00","135.20","138.80","131.20","15.51M","-2.94%"
"10/01/2017","136.00","132.00","136.00","124.86","8.33M","3.03%"
"09/24/2017","132.00","134.64","134.65","130.40","6.08M","-3.52%"
"09/17/2017","136.81","140.00","143.92","132.81","3.84M","-2.28%"
"09/10/2017","140.00","147.60","148.56","140.00","14.60M","-5.15%"
"09/03/2017","147.60","144.00","147.60","143.72","9.97M","2.49%"
"08/27/2017","144.02","148.08","148.12","144.00","6.53M","-5.25%"
"08/20/2017","152.00","144.81","152.00","144.81","8.36M","4.96%"
"08/13/2017","144.82","152.96","154.40","144.80","18.26M","-5.22%"
"08/06/2017","152.80","140.10","152.80","140.10","36.44M","8.74%"
"07/30/2017","140.52","130.66","141.60","130.66","14.57M","2.35%"
"07/23/2017","137.30","127.12","144.00","124.48","22.78M","7.94%"
"07/16/2017","127.20","124.08","130.40","124.08","8.36M","3.23%"
"07/09/2017","123.22","122.41","124.20","120.80","6.13M","0.02%"
"07/02/2017","123.20","127.99","128.84","121.20","8.36M","-4.35%"
"06/25/2017","128.80","122.40","133.17","122.40","11.91M","5.99%"
"06/18/2017","121.52","131.20","134.41","120.80","19.62M","-7.38%"
"06/11/2017","131.20","120.00","133.48","120.00","14.98M","5.13%"
"06/04/2017","124.80","124.79","125.60","120.00","7.67M","-2.53%"
"05/28/2017","128.04","116.01","129.60","116.01","6.74M","10.38%"
"05/21/2017","116.00","118.40","118.17","112.67","8.06M","0.72%"
"05/14/2017","115.17","116.02","118.40","108.80","29.06M","-3.38%"
"05/07/2017","119.20","102.08","123.80","102.00","17.45M","17.05%"
"04/30/2017","101.84","98.80","102.42","98.64","4.06M","3.49%"
"04/23/2017","98.41","97.92","100.00","97.92","6.53M","2.41%"
"04/16/2017","96.09","98.42","101.60","96.09","3.78M","-2.35%"
"04/09/2017","98.40","96.00","98.80","95.60","5.46M","-1.60%"
"04/02/2017","100.00","104.00","104.00","96.80","1.88M","-1.57%"
"03/26/2017","101.60","104.01","104.80","101.60","3.87M","-2.31%"
"03/19/2017","104.00","102.82","104.02","100.04","6.46M","0.00%"
"03/12/2017","104.00","106.38","107.82","104.00","3.67M","0.00%"
"03/05/2017","104.00","103.12","111.84","100.00","16.44M","0.85%"
"02/26/2017","103.12","104.00","105.60","101.46","14.33M","-0.85%"
"02/19/2017","104.00","94.40","108.81","94.40","13.14M","13.04%"
"02/12/2017","92.00","96.08","96.08","89.60","10.19M","-8.00%"
"02/05/2017","100.00","107.12","107.19","97.84","8.12M","-6.09%"
"01/29/2017","106.49","113.61","113.61","102.49","15.79M","-6.28%"
"01/22/2017","113.62","112.45","115.60","112.45","11.77M","-0.03%"
"01/15/2017","113.65","113.60","114.08","112.96","5.07M","-0.08%"
"01/08/2017","113.74","113.60","114.00","112.80","29.13M","0.12%"
"01/01/2017","113.60","113.68","113.83","113.60","4.89M","-4.05%"
"12/25/2016","118.39","113.60","118.39","111.21","2.73M","7.59%"
"12/18/2016","110.04","113.61","113.76","109.60","11.39M","-3.13%"
"12/11/2016","113.60","116.00","116.01","112.41","11.96M","-2.07%"
"12/04/2016","116.00","115.92","117.20","113.61","30.25M","1.35%"
"11/27/2016","114.45","112.80","116.00","109.76","9.85M","1.45%"
"11/20/2016","112.81","112.82","113.60","112.80","9.43M","0.00%"
"11/13/2016","112.81","113.60","115.20","112.00","4.47M","-0.70%"
"11/06/2016","113.60","113.60","115.21","113.52","6.04M","0.00%"
"10/30/2016","113.60","114.46","117.35","113.60","11.56M","-2.74%"
"10/23/2016","116.80","116.00","117.20","113.78","4.19M","0.69%"
"10/16/2016","116.00","117.12","117.12","114.86","2.51M","-2.49%"
"10/09/2016","118.96","117.59","131.20","116.66","4.28M","1.99%"
"10/02/2016","116.64","116.00","116.80","115.20","5.20M","-2.80%"
"09/25/2016","120.00","114.80","120.00","114.24","11.60M","4.51%"
"09/18/2016","114.82","118.39","116.80","113.60","16.37M","-1.02%"
"09/11/2016","116.00","113.19","116.00","112.85","7.66M","2.29%"
"09/04/2016","113.40","110.97","114.00","110.97","5.39M","0.53%"
"08/28/2016","112.80","110.53","113.18","110.53","19.79M","0.68%"
"08/21/2016","112.04","109.81","113.40","109.60","24.31M","1.48%"
"08/14/2016","110.41","106.40","112.00","106.09","10.62M","5.76%"
"08/07/2016","104.40","104.80","106.40","102.08","3.36M","-1.90%"
"07/31/2016","106.42","111.88","110.40","104.01","4.49M","-3.60%"
"07/24/2016","110.39","111.22","117.61","110.39","12.66M","-0.02%"
"07/17/2016","110.41","107.12","110.80","106.46","13.63M","2.98%"
"07/10/2016","107.22","104.00","109.24","104.00","12.72M","3.09%"
"07/03/2016","104.01","104.80","104.94","104.00","2.95M","-0.83%"
"06/26/2016","104.88","115.60","116.24","104.88","22.15M","-9.59%"
"06/19/2016","116.00","115.20","119.59","113.14","29.74M","-2.59%"
"06/12/2016","119.09","104.02","119.09","100.80","21.97M","13.64%"
"06/05/2016","104.80","108.00","112.00","102.48","16.68M","-4.40%"
"05/29/2016","109.62","113.60","112.40","102.45","23.53M","-3.50%"
"05/22/2016","113.60","100.24","114.40","100.24","5.36M","12.70%"
"05/15/2016","100.80","94.10","102.00","94.10","6.11M","6.82%"
"05/08/2016","94.36","92.06","101.60","92.06","12.35M","2.50%"
"05/01/2016","92.06","97.24","102.24","88.00","7.23M","-0.70%"
"04/24/2016","92.71","84.81","92.71","84.80","6.09M","9.64%"
"04/17/2016","84.56","81.60","85.76","81.60","6.47M","-0.28%"
"04/10/2016","84.80","86.80","86.81","83.89","3.74M","-3.55%"
"04/03/2016","87.92","81.61","87.92","81.60","5.01M","3.30%"
"03/27/2016","85.11","90.40","90.40","84.99","7.90M","-9.61%"
"03/20/2016","94.16","84.80","95.43","80.25","10.86M","12.10%"
"03/13/2016","84.00","76.83","84.00","74.40","7.95M","5.00%"
"03/06/2016","80.00","78.40","80.00","74.48","15.44M","2.04%"
"02/28/2016","78.40","80.80","82.64","76.02","10.99M","-3.71%"
"02/21/2016","81.42","79.95","81.43","78.40","11.85M","1.79%"
"02/14/2016","79.99","79.20","79.99","76.00","8.57M","2.66%"
"02/07/2016","77.92","76.80","80.00","76.00","18.97M","1.41%"
"01/31/2016","76.84","81.60","81.61","75.44","7.62M","-3.96%"
"01/24/2016","80.01","84.00","84.80","77.32","15.33M","-7.40%"
"01/17/2016","86.40","78.40","86.40","74.10","15.29M","11.46%"
"01/10/2016","77.52","84.09","86.40","70.40","22.06M","-11.51%"
"01/03/2016","87.60","103.36","103.36","87.60","9.85M","-19.49%"
"12/27/2015","108.80","95.20","108.80","92.00","10.23M","17.52%"
"12/20/2015","92.58","92.00","97.44","90.60","4.13M","-0.23%"
"12/13/2015","92.79","94.40","102.40","90.50","17.26M","-2.53%"
"12/06/2015","95.20","94.40","97.24","88.80","15.31M","0.00%"
"11/29/2015","95.20","94.40","96.00","92.40","8.94M","-0.83%"
"11/22/2015","96.00","97.60","100.80","92.00","30.99M","0.00%"
"11/15/2015","96.00","102.32","104.00","95.21","4.68M","-6.03%"
"11/08/2015","102.16","108.40","108.80","101.34","44.52M","-6.12%"
"11/01/2015","108.82","108.80","115.04","108.02","5.84M","-0.60%"
"10/25/2015","109.48","108.16","115.33","108.01","23.87M","-0.13%"
"10/18/2015","109.62","108.06","111.20","108.01","6.11M","1.26%"
"10/11/2015","108.26","112.00","112.20","104.40","12.27M","-3.34%"
"10/04/2015","112.00","106.41","113.59","108.08","5.68M","0.00%"
"09/27/2015","112.00","115.99","119.20","111.72","11.74M","-0.05%"
"09/20/2015","112.06","108.80","112.80","108.80","8.63M","3.00%"
"09/13/2015","108.80","103.91","111.99","103.20","4.76M","6.44%"
"09/06/2015","102.22","99.84","103.19","97.33","10.13M","2.63%"
"08/30/2015","99.60","96.01","102.06","96.01","10.05M","7.59%"
"08/23/2015","92.57","96.02","96.02","86.48","13.82M","-3.59%"
"08/16/2015","96.02","100.00","100.00","96.02","8.10M","-5.44%"
"08/09/2015","101.54","107.19","107.83","99.91","9.52M","-5.98%"
"08/02/2015","108.00","96.84","109.72","96.40","9.42M","11.57%"
"07/26/2015","96.80","100.81","98.79","96.00","37.45M","-4.72%"
"07/19/2015","101.59","104.82","104.82","100.89","7.01M","-0.95%"
"07/12/2015","102.56","109.62","109.62","102.03","13.39M","-6.09%"
"07/05/2015","109.21","110.80","114.48","108.80","13.51M","-5.20%"
"06/28/2015","115.20","118.42","119.98","115.20","18.35M","-2.71%"
"06/21/2015","118.41","120.48","120.82","118.41","10.03M","-0.01%"
"06/14/2015","118.42","120.40","120.80","117.20","15.41M","-1.48%"
"06/07/2015","120.20","118.50","120.80","117.60","14.52M","1.53%"
"05/31/2015","118.39","120.08","120.64","116.06","21.74M","-1.41%"
"05/24/2015","120.08","123.20","123.20","120.08","8.59M","-2.07%"
"05/17/2015","122.62","124.00","125.60","122.54","16.81M","-1.22%"
"05/10/2015","124.14","122.78","125.52","121.28","3.34M","1.09%"
"05/03/2015","122.80","128.00","128.88","121.28","9.10M","-2.24%"
"04/26/2015","125.61","120.80","125.99","119.20","10.35M","3.98%"
"04/19/2015","120.80","135.44","129.04","120.13","11.23M","-6.38%"
"04/12/2015","129.03","125.06","147.99","125.06","10.47M","-1.51%"
"04/05/2015","131.01","130.41","131.02","117.60","9.11M","-1.50%"
"03/29/2015","133.00","112.89","139.65","112.00","28.58M","17.75%"
"03/22/2015","112.95","104.80","113.60","104.80","21.72M","7.37%"
"03/15/2015","105.20","108.12","110.40","104.00","18.58M","-5.40%"
"03/08/2015","111.20","118.40","119.20","108.00","22.83M","-4.24%"
"03/01/2015","116.12","112.80","120.80","112.00","28.98M","3.68%"
"02/22/2015","112.00","110.30","113.80","105.96","26.76M","3.93%"
"02/15/2015","107.76","102.58","107.78","98.04","23.35M","4.42%"
"02/08/2015","103.20","112.80","112.80","102.62","56.71M","-9.03%"
"02/01/2015","113.45","113.60","120.08","113.45","23.01M","-0.15%"
"01/25/2015","113.62","113.61","116.00","113.60","20.26M","-1.37%"
"01/18/2015","115.20","116.71","117.68","113.24","13.27M","3.60%"
"01/11/2015","111.20","121.60","116.88","107.20","13.81M","-5.44%"
"01/04/2015","117.60","131.98","131.98","111.86","9.43M","-11.07%"
"12/28/2014","132.24","128.00","139.19","124.01","7.17M","2.69%"
"12/21/2014","128.78","123.48","129.60","120.00","5.83M","9.51%"
"12/14/2014","117.60","120.00","117.60","102.80","17.47M","0.97%"
"12/07/2014","116.47","136.00","136.00","116.47","33.40M","-14.85%"
"11/30/2014","136.79","136.00","137.60","132.09","24.58M","-0.66%"
"11/23/2014","137.70","128.00","139.20","126.50","20.24M","9.28%"
"11/16/2014","126.01","130.41","132.00","123.28","10.17M","-2.87%"
"11/09/2014","129.74","113.84","132.00","113.84","41.03M","13.96%"
"11/02/2014","113.85","129.60","129.61","113.85","22.41M","-12.15%"
"10/26/2014","129.60","134.96","135.20","129.14","9.90M","-4.71%"
"10/19/2014","136.00","136.39","138.00","132.83","11.93M","2.75%"
"10/12/2014","132.36","144.80","144.80","132.36","17.64M","-8.08%"
"10/05/2014","144.00","142.39","145.59","141.68","6.99M","1.89%"
"09/28/2014","141.33","140.04","142.40","140.04","12.22M","0.38%"
"09/21/2014","140.80","143.21","143.21","138.86","18.73M","-1.68%"
"09/14/2014","143.20","142.06","144.00","139.60","6.36M","1.02%"
"09/07/2014","141.75","140.80","142.00","140.00","6.05M","0.63%"
"08/31/2014","140.86","140.64","141.66","136.92","8.92M","-0.52%"
"08/24/2014","141.60","137.64","143.20","136.94","20.71M","0.83%"
"08/17/2014","140.43","137.60","143.60","137.60","4.85M","2.47%"
"08/10/2014","137.04","147.22","147.24","138.00","5.15M","-6.98%"
"08/03/2014","147.32","144.00","150.32","144.00","20.42M","2.18%"
"07/27/2014","144.18","142.92","147.19","142.92","15.10M","1.25%"
"07/20/2014","142.40","137.21","143.21","139.99","7.29M","1.36%"
"07/13/2014","140.49","139.60","141.60","137.78","5.40M","0.68%"
"07/06/2014","139.54","139.20","141.20","137.68","9.36M","0.53%"
"06/29/2014","138.80","137.60","138.80","136.02","10.02M","0.87%"
"06/22/2014","137.60","133.20","140.00","133.20","12.07M","3.30%"
"06/15/2014","133.20","136.80","138.40","131.54","11.29M","-4.66%"
"06/08/2014","139.71","141.20","144.00","136.09","10.10M","-2.11%"
"06/01/2014","142.72","142.40","151.20","140.45","13.50M","1.31%"
"05/25/2014","140.87","140.00","142.00","138.06","34.10M","-0.02%"
"05/18/2014","140.90","131.19","142.40","131.19","15.90M","8.02%"
"05/11/2014","130.44","119.99","132.32","119.99","24.18M","9.43%"
"05/04/2014","119.20","120.00","120.00","118.40","8.68M","-1.32%"
"04/27/2014","120.80","118.21","120.80","118.21","18.90M","1.98%"
"04/20/2014","118.46","119.95","121.56","118.40","22.66M","-1.28%"
"04/13/2014","120.00","119.84","120.00","118.40","9.81M","0.67%"
"04/06/2014","119.20","123.20","122.38","116.82","29.87M","-0.71%"
"03/30/2014","120.05","119.60","123.13","119.60","30.60M","0.04%"
"03/23/2014","120.00","117.24","121.60","117.29","25.45M","-1.89%"
"03/16/2014","122.31","116.00","122.31","115.20","16.00M","5.08%"
"03/09/2014","116.40","116.40","119.60","115.68","6.75M","-0.40%"
"03/02/2014","116.87","120.00","127.19","116.01","12.94M","-3.89%"
"02/23/2014","121.60","116.76","121.60","112.00","78.75M","4.83%"
"02/16/2014","116.00","114.40","121.58","114.08","11.15M","2.11%"
"02/09/2014","113.60","127.99","123.82","113.24","19.51M","-7.79%"
"02/02/2014","123.20","125.22","126.40","122.80","15.89M","-1.60%"
"01/26/2014","125.20","131.20","131.99","125.20","10.73M","-5.14%"
"01/19/2014","131.99","131.90","133.08","130.06","8.59M","-0.13%"
"01/12/2014","132.16","134.39","132.80","130.40","5.51M","0.12%"
"01/05/2014","132.00","134.40","134.44","131.20","6.86M","-0.60%"
"12/29/2013","132.80","131.98","134.36","131.21","5.47M","1.22%"
"12/22/2013","131.20","132.38","132.00","129.41","2.87M","1.55%"
"12/15/2013","129.20","132.78","134.38","128.80","7.36M","0.31%"
"12/08/2013","128.80","129.60","133.60","128.00","4.69M","-0.62%"
"12/01/2013","129.60","135.60","135.99","129.60","10.31M","-3.81%"
"11/24/2013","134.73","136.23","136.28","132.00","6.63M","-1.14%"
"11/17/2013","136.28","134.72","136.28","130.48","4.39M","1.04%"
"11/10/2013","134.88","140.00","142.40","134.88","5.77M","-3.93%"
"11/03/2013","140.40","140.01","142.32","139.60","8.62M","-0.06%"
"10/27/2013","140.48","136.00","140.48","132.88","14.93M","3.29%"
"10/20/2013","136.00","137.36","142.80","134.84","8.41M","-1.09%"
"10/13/2013","137.50","135.99","137.50","135.33","2.65M","1.40%"
"10/06/2013","135.60","137.52","137.56","135.20","4.28M","-2.02%"
"09/29/2013","138.40","128.47","138.40","128.47","11.82M","5.49%"
"09/22/2013","131.20","128.02","131.20","128.02","4.69M","-0.61%"
"09/15/2013","132.00","129.21","132.00","121.60","7.18M","1.85%"
"09/08/2013","129.60","130.80","132.00","129.22","7.19M","-1.21%"
"09/01/2013","131.19","133.60","133.66","129.03","10.66M","-0.61%"
"08/25/2013","132.00","134.40","134.40","128.40","8.58M","-1.49%"
"08/18/2013","134.00","133.61","135.60","132.02","6.70M","-1.18%"
"08/11/2013","135.60","140.00","140.14","133.20","21.38M","-3.14%"
"08/04/2013","140.00","142.31","143.59","140.00","5.16M","-1.63%"
"07/28/2013","142.32","136.00","142.40","135.30","9.22M","4.64%"
"07/21/2013","136.01","141.20","141.20","132.00","8.44M","-3.68%"
"07/14/2013","141.20","132.44","143.52","132.44","13.26M","6.97%"
"07/07/2013","132.00","128.24","132.72","128.02","4.84M","1.23%"
"06/30/2013","130.40","121.06","132.80","121.06","5.87M","4.42%"
"06/23/2013","124.88","123.24","126.32","120.00","6.92M","0.71%"
"06/16/2013","124.00","126.09","128.00","119.60","17.01M","-1.60%"
"06/09/2013","126.01","142.42","143.20","124.00","10.25M","-11.51%"
"06/02/2013","142.40","140.00","144.00","138.50","14.44M","0.06%"
"05/26/2013","142.32","137.60","144.32","136.80","7.60M","3.36%"
"05/19/2013","137.70","143.20","143.20","132.82","5.76M","-3.84%"
"05/12/2013","143.20","140.80","144.82","138.40","13.27M","2.29%"
"05/05/2013","140.00","130.32","140.72","128.17","7.99M","8.36%"
"04/28/2013","129.20","127.01","140.80","127.01","9.52M","0.94%"
"04/21/2013","128.00","128.04","128.40","126.40","13.63M","0.00%"
"04/14/2013","128.00","131.19","131.19","126.44","49.27M","-1.23%"
"04/07/2013","129.60","130.00","138.00","129.22","17.24M","0.31%"
"03/31/2013","129.20","128.81","136.79","126.80","11.99M","-1.04%"
"03/24/2013","130.56","130.43","130.75","130.00","6.91M","0.08%"
"03/17/2013","130.46","132.80","134.16","129.67","7.78M","-2.23%"
"03/10/2013","133.44","130.00","140.00","128.81","7.62M","2.65%"
"03/03/2013","130.00","130.35","130.40","126.40","18.45M","0.62%"
"02/24/2013","129.20","128.00","134.40","128.00","25.75M","-2.71%"
"02/17/2013","132.80","131.12","136.08","125.60","9.90M","1.23%"
"02/10/2013","131.19","127.21","131.98","126.43","7.03M","0.30%"
"02/03/2013","130.80","129.19","133.60","128.42","10.39M","-0.91%"
"01/27/2013","132.00","122.87","132.00","122.87","9.52M","7.42%"
"01/20/2013","122.88","125.60","125.80","117.20","11.70M","-3.09%"
"01/13/2013","126.80","119.20","126.80","118.01","9.09M","5.38%"
"01/06/2013","120.33","117.13","120.82","116.52","9.58M","0.91%"
"12/30/2012","119.25","116.24","120.80","116.24","7.08M","2.80%"
"12/23/2012","116.00","112.24","119.20","112.24","7.35M","0.49%"
"12/16/2012","115.44","131.60","131.64","115.36","14.08M","-12.55%"
"12/09/2012","132.00","114.84","132.10","114.84","9.23M","14.94%"
"12/02/2012","114.84","112.00","114.90","112.00","12.34M","2.33%"
"11/25/2012","112.22","111.02","112.79","110.38","7.29M","1.60%"
"11/18/2012","110.45","108.40","110.72","98.00","8.76M","1.89%"
"11/11/2012","108.40","109.60","109.68","106.47","8.80M","0.15%"
"11/04/2012","108.24","102.40","110.40","102.40","9.11M","5.25%"
"10/28/2012","102.84","109.60","109.60","96.96","12.64M","-4.78%"
"10/21/2012","108.00","110.24","111.20","108.00","3.37M","-2.77%"
"10/14/2012","111.08","112.89","113.60","108.00","6.45M","-2.22%"
"10/07/2012","113.60","111.70","113.62","109.60","10.84M","1.54%"
"09/30/2012","111.88","108.78","112.00","108.16","6.77M","2.08%"
"09/23/2012","109.60","112.00","112.04","107.28","12.34M","-2.14%"
"09/16/2012","112.00","106.80","116.00","106.80","6.62M","1.82%"
"09/09/2012","110.00","100.00","110.00","100.00","6.12M","7.84%"
"09/02/2012","102.00","102.00","102.00","102.00","3.59M","3.66%"
"08/26/2012","98.40","96.80","98.40","96.80","8.53M","2.76%"
"08/19/2012","95.76","97.60","97.92","95.76","25.54M","-1.33%"
"08/12/2012","97.05","96.00","97.60","96.00","6.31M","1.94%"
"08/05/2012","95.20","95.20","95.20","93.60","8.81M","-2.70%"
"07/29/2012","97.84","93.62","98.40","93.62","11.29M","4.53%"
"07/22/2012","93.60","93.56","95.21","92.98","15.81M","0.86%"
"07/15/2012","92.80","88.80","93.20","87.29","20.68M","5.44%"
"07/08/2012","88.01","87.20","88.10","85.00","9.59M","4.08%"
"07/01/2012","84.56","81.02","84.56","81.02","8.86M","4.42%"
"06/24/2012","80.98","80.00","80.98","78.80","15.71M","0.22%"
"06/17/2012","80.80","76.89","80.80","76.89","9.23M","4.12%"
"06/10/2012","77.60","76.80","80.00","76.80","12.12M","1.04%"
"06/03/2012","76.80","83.20","83.20","76.80","10.15M","-8.57%"
"05/27/2012","84.00","86.40","86.40","83.99","18.42M","-2.78%"
"05/20/2012","86.40","87.26","89.44","85.60","16.71M","-0.92%"
"05/13/2012","87.20","89.59","89.68","86.00","14.33M","-2.68%"
"05/06/2012","89.60","88.10","89.60","88.10","11.97M","-0.71%"
"04/29/2012","90.24","88.00","91.08","88.00","25.68M","2.45%"
"04/22/2012","88.08","91.20","91.20","88.00","22.70M","0.82%"
"04/15/2012","87.36","80.00","87.36","78.48","30.16M","11.43%"
"04/08/2012","78.40","78.40","78.40","78.40","10.35M","0.00%"
"04/01/2012","78.40","77.60","78.41","77.60","9.68M","0.51%"
"03/25/2012","78.00","78.00","78.00","75.22","16.74M","-0.51%"
"03/18/2012","78.40","77.60","78.40","76.01","81.26M","3.16%"
"03/11/2012","76.00","78.40","78.41","75.91","90.01M","-3.06%"
"03/04/2012","78.40","74.44","78.40","74.40","33.29M","5.43%"
"02/26/2012","74.36","76.88","76.88","72.80","9.07M","-5.14%"
"02/19/2012","78.39","78.50","79.20","76.81","16.55M","0.29%"
"02/12/2012","78.16","76.40","78.40","76.40","15.06M","2.41%"
"02/05/2012","76.32","75.20","78.40","75.20","7.32M","1.48%"
"01/29/2012","75.21","73.96","76.00","73.96","23.15M","2.10%"
"01/22/2012","73.66","75.24","75.24","73.65","12.60M","-2.10%"
"01/15/2012","75.24","75.25","79.01","75.24","10.09M","-2.13%"
"01/08/2012","76.88","76.28","76.88","76.28","3.09M","0.79%"
"01/01/2012","76.28","76.00","76.28","76.00","6.55M","0.98%"
"12/25/2011","75.54","88.00","88.00","75.53","4.62M","-14.24%"
"12/18/2011","88.08","78.45","88.08","78.40","9.66M","12.35%"
"12/11/2011","78.40","75.21","78.40","75.20","10.68M","2.14%"
"12/04/2011","76.76","73.51","77.20","72.81","13.17M","4.29%"
"11/27/2011","73.60","72.08","73.60","72.01","12.83M","0.33%"
"11/20/2011","73.36","73.52","73.60","72.57","18.20M","0.05%"
"11/13/2011","73.32","73.22","73.32","73.16","21.32M","0.14%"
"11/06/2011","73.22","73.21","73.22","73.20","4.57M","-0.03%"
"10/30/2011","73.24","72.80","73.26","72.80","8.79M","0.05%"
"10/23/2011","73.20","72.00","73.20","72.00","7.65M","2.69%"
"10/16/2011","71.28","68.80","71.28","68.80","7.75M","3.59%"
"10/09/2011","68.81","66.00","68.92","65.60","18.14M","4.89%"
"10/02/2011","65.60","61.64","70.13","61.63","10.77M","2.53%"
"09/25/2011","63.98","65.60","65.60","60.94","7.77M","-5.36%"
"09/18/2011","67.60","68.12","68.44","67.33","10.26M","-4.43%"
"09/11/2011","70.73","64.80","70.73","64.80","34.70M","9.15%"
"09/04/2011","64.80","66.09","68.80","64.80","9.48M","-1.95%"
"08/28/2011","66.09","65.60","66.31","62.32","3.60M","-0.47%"
"08/21/2011","66.40","68.00","68.00","66.39","23.81M","-4.05%"
"08/14/2011","69.20","68.80","70.54","65.44","18.14M","0.58%"
"08/07/2011","68.80","74.40","74.40","65.60","11.01M","-7.53%"
"07/31/2011","74.40","72.46","75.21","72.46","12.36M","3.10%"
"07/24/2011","72.16","72.24","72.36","72.16","7.25M","0.22%"
"07/17/2011","72.00","72.80","72.80","72.00","6.62M","-2.17%"
"07/10/2011","73.60","70.00","73.60","70.00","7.30M","4.55%"
"07/03/2011","70.40","71.91","72.01","70.40","6.26M","0.00%"
"06/26/2011","70.40","72.00","72.00","70.00","6.19M","-2.26%"
"06/19/2011","72.03","72.00","72.03","70.01","9.54M","0.04%"
"06/12/2011","72.00","74.40","74.40","72.00","6.66M","-3.23%"
"06/05/2011","74.40","74.40","74.40","71.22","7.15M","-1.05%"
"05/29/2011","75.19","71.20","75.22","71.20","8.71M","7.40%"
"05/22/2011","70.01","68.01","70.01","68.01","6.04M","1.08%"
"05/15/2011","69.26","69.93","70.04","69.26","5.25M","-1.11%"
"05/08/2011","70.04","69.76","70.16","69.64","9.14M","0.63%"
"05/01/2011","69.60","69.43","69.84","68.08","9.18M","0.61%"
"04/24/2011","69.18","68.40","69.60","68.01","4.84M","0.82%"
"04/17/2011","68.62","69.60","69.92","68.62","6.81M","0.91%"
"04/10/2011","68.00","65.20","68.04","65.20","10.32M","4.29%"
"04/03/2011","65.20","64.06","65.28","64.00","9.60M","4.79%"
"03/27/2011","62.22","60.80","62.22","60.80","4.33M","2.34%"
"03/20/2011","60.80","60.13","62.80","60.13","9.56M","1.11%"
"03/13/2011","60.13","58.95","61.33","58.62","11.14M","1.85%"
"03/06/2011","59.04","58.40","59.04","57.81","7.34M","0.37%"
"02/27/2011","58.82","59.72","61.86","59.72","7.58M","-3.26%"
"02/20/2011","60.80","62.15","64.80","59.20","12.68M","-4.40%"
"02/13/2011","63.60","62.40","63.60","61.59","20.62M","3.25%"
"02/06/2011","61.60","62.40","62.40","60.90","4.70M","-1.28%"
"01/30/2011","62.40","67.56","67.56","62.38","15.80M","-9.16%"
"01/23/2011","68.69","68.45","68.94","68.45","7.75M","-0.16%"
"01/16/2011","68.80","72.00","72.28","68.41","11.77M","-5.93%"
"01/09/2011","73.14","64.02","73.14","63.20","8.96M","10.15%"
"01/02/2011","66.40","61.84","66.40","61.60","9.50M","7.65%"
"12/26/2010","61.68","61.60","61.81","61.60","2.31M","0.13%"
"12/19/2010","61.60","61.50","61.72","61.20","5.45M","0.16%"
"12/12/2010","61.50","60.80","61.61","60.13","8.59M","-0.16%"
"12/05/2010","61.60","63.01","63.03","61.60","8.32M","-2.53%"
"11/28/2010","63.20","60.85","63.20","60.85","10.84M","4.74%"
"11/21/2010","60.34","61.59","61.59","60.00","8.58M","-1.21%"
"11/14/2010","61.08","62.24","62.24","60.58","6.39M","-1.86%"
"11/07/2010","62.24","63.18","63.60","62.24","6.54M","1.04%"
"10/31/2010","61.60","60.83","61.60","60.80","19.91M","1.22%"
"10/24/2010","60.86","61.04","61.24","60.06","20.64M","-2.45%"
"10/17/2010","62.39","62.29","62.39","60.24","9.16M","-0.65%"
"10/10/2010","62.80","62.40","62.80","60.44","8.64M","2.61%"
"10/03/2010","61.20","62.64","65.77","56.81","22.60M","2.58%"
"09/26/2010","59.66","55.62","59.66","55.62","7.10M","7.77%"
"09/19/2010","55.36","56.00","56.00","54.57","8.09M","-1.14%"
"09/12/2010","56.00","55.20","56.02","54.40","21.44M","1.23%"
"09/05/2010","55.32","56.18","56.18","55.32","2.51M","-4.46%"
"08/29/2010","57.90","57.04","57.92","54.97","11.16M","0.31%"
"08/22/2010","57.72","58.08","58.80","56.87","11.90M","-0.62%"
"08/15/2010","58.08","55.57","58.34","55.57","11.83M","6.75%"
"08/08/2010","54.41","60.04","63.04","54.40","14.90M","-9.38%"
"08/01/2010","60.04","55.62","61.60","55.36","21.30M","6.85%"
"07/25/2010","56.19","53.02","56.24","53.02","8.64M","6.42%"
"07/18/2010","52.80","52.50","53.60","52.42","5.99M","0.82%"
"07/11/2010","52.37","50.40","53.52","50.40","9.37M","6.03%"
"07/04/2010","49.39","50.38","51.60","48.80","8.93M","-2.08%"
"06/27/2010","50.44","49.72","51.99","49.60","9.26M","-0.39%"
"06/20/2010","50.64","51.95","51.95","50.56","39.44M","-0.31%"
"06/13/2010","50.80","50.81","52.34","50.28","45.50M","1.60%"
"06/06/2010","50.00","50.41","58.04","49.60","20.64M","-0.66%"
"05/30/2010","50.33","51.99","52.00","48.49","13.78M","-2.16%"
"05/23/2010","51.44","56.01","56.12","49.92","50.51M","-10.71%"
"05/16/2010","57.61","57.20","57.61","56.17","12.70M","0.72%"
"05/09/2010","57.20","56.05","58.04","56.00","36.37M","-2.05%"
"05/02/2010","58.40","56.01","58.40","56.00","19.09M","4.08%"
"04/25/2010","56.11","54.40","56.11","53.60","19.70M","1.67%"
"04/18/2010","55.19","56.01","56.01","54.48","11.62M","-2.58%"
"04/11/2010","56.65","57.20","57.68","55.25","11.74M","1.16%"
"04/04/2010","56.00","52.00","58.28","50.82","24.31M","11.20%"
"03/28/2010","50.36","50.40","51.19","48.41","9.82M","-0.08%"
"03/21/2010","50.40","46.48","50.40","46.48","9.22M","8.81%"
"03/14/2010","46.32","45.62","47.30","45.62","7.39M","-2.05%"
"03/07/2010","47.29","45.68","48.00","45.68","19.11M","3.62%"
"02/28/2010","45.64","45.60","45.88","45.28","7.87M","0.09%"
"02/21/2010","45.60","47.53","47.53","43.33","8.42M","-5.00%"
"02/14/2010","48.00","47.99","48.01","47.98","9.38M","0.00%"
"02/07/2010","48.00","45.68","48.76","45.68","8.94M","5.26%"
"01/31/2010","45.60","43.23","48.86","43.19","9.46M","5.26%"
"01/24/2010","43.32","46.44","46.48","43.32","8.76M","-6.72%"
"01/17/2010","46.44","46.40","47.20","46.40","7.43M","0.09%"
"01/10/2010","46.40","45.60","47.84","44.24","13.00M","1.75%"
"01/03/2010","45.60","42.40","46.40","42.05","9.52M","7.50%"